"Actinomyces","Adlercreutzia","Agathobacter","Akkermansia","Alistipes","Allisonella","Anaerofilum","Anaerofustis","Anaerostipes","Anaerotruncus","Anaerovoracaceae Family XIII AD3011 group","Anaerovoracaceae Family XIII UCG_001","Bacilli RF39","Bacteroides","Barnesiella","Barnesiellaceae uncultured","Bifidobacterium","Bilophila","Blautia","Butyricicoccaceae UCG-008","Butyricicoccaceae UCG-009","Butyricicoccus","Butyricimonas","Candidatus Soleaferrea","Christensenella","Christensenellaceae R-7 group","Christensenellaceae uncultured","Clostridia UCG-014","Clostridia class","Clostridia vadinBB60 group","Clostridium sensu stricto 1","Colidextribacter","Collinsella","Coprobacter","Coprococcus","Coriobacteriales Incertae Sedis uncultured","Defluviitaleaceae UCG-011","Desulfovibrio","Desulfovibrionaceae uncultured","Dialister","Dielma","Dorea","Eggerthella","Eggerthellaceae uncultured","Eisenbergiella","Enterorhabdus","Erysipelatoclostridium","Erysipelotrichaceae UCG-003","Erysipelotrichaceae uncultured","Escherichia-Shigella","Faecalibacterium","Flavonifractor","Fournierella","Fusicatenibacter","Gastranaerophilales","Gordonibacter","Haemophilus","Holdemanella","Holdemania","Intestinibacter","Intestinimonas","Izemoplasmatales","Lachnoclostridium","Lachnospira","Lachnospiraceae","Lachnospiraceae CAG-56","Lachnospiraceae FCS020 group","Lachnospiraceae GCA-900066575","Lachnospiraceae NC2004 group","Lachnospiraceae ND3007 group","Lachnospiraceae NK4A136 group","Lachnospiraceae UCG-004","Lachnospiraceae UCG-008","Lachnospiraceae UCG-010","Lachnospiraceae family","Lachnospiraceae uncultured","Lactobacillus","Lactococcus","Marvinbryantia","Merdibacter","Methanobrevibacter","Monoglobus","Moryella","Muribaculaceae","Negativibacillus","Odoribacter","Olsenella","Oscillibacter","Oscillospira","Oscillospiraceae NK4A214 group","Oscillospiraceae UCG-002","Oscillospiraceae UCG-003","Oscillospiraceae UCG-005","Oscillospiraceae UCG-007","Oscillospiraceae family","Oscillospiraceae uncultured","Oscillospirales UCG-010","Oscillospirales class","Oscillospirales order uncultured","Oxalobacter","Paludicola","Papillibacter","Parabacteroides","Paraprevotella","Parasutterella","Peptococcaceae uncultured","Peptococcus","Peptostreptococcaceae family","Phascolarctobacterium","Phocea","Prevotella","Rhodospirillales uncultured","Romboutsia","Roseburia","Rothia","Ruminococcaceae CAG-352","Ruminococcaceae DTU089","Ruminococcaceae Incertae Sedis","Ruminococcaceae UBA1819","Ruminococcaceae family","Ruminococcaceae uncultured","Ruminococcus","Senegalimassilia","Slackia","Streptococcus","Subdoligranulum","Sutterella","Terrisporobacter","Turicibacter","Tyzzerella","Veillonella","[Clostridium] methylpentosum group","[Eubacterium] brachy group","[Eubacterium] coprostanoligenes group","[Eubacterium] eligens group","[Eubacterium] fissicatena group","[Eubacterium] hallii group","[Eubacterium] ruminantium group","[Eubacterium] siraeum group","[Eubacterium] ventriosum group","[Eubacterium] xylanophilum group","[Ruminococcus] gauvreauii group","[Ruminococcus] torques group"
0.051432511,0.032616518,0.078453348,0.284373633,0.129947474,0.033270251,0.353263786,0.037618345,0.106328238,0.056585543,0.036148499,0.162984515,0.025244444,0.281072592,0.101931751,0.031071799,0.119526202,0.008748883,0.067567282,0.112595861,0.025439073,0.050142225,0.016974742,0.032068796,0.072565612,0.107314854,0.225551848,0.056873348,0.01591274,0.078395375,0.042059645,0.046853115,0.168102291,0.035780055,0.019374367,0.015853817,0.030520158,0.241859385,0.326551193,0.040597217,0.05433665,0.185103729,0,0.048700125,0.066662731,0.003545648,0.081374669,0.044933683,0.148372539,0.280156423,0.017988008,0.072705433,0.036389854,0.338091569,0.011626834,0.122020195,0.053811209,0.017144896,0.069784625,0.195392243,0.012884463,0.051432511,0.032616518,0.078453348,0.284373633,0.129947474,0.033270251,0.353263786,0.037618345,0.106328238,0.056585543,0.036148499,0.162984515,0.025244444,0.281072592,0.101931751,0.031071799,0.119526202,0.008748883,0.067567282,0.112595861,0.025439073,0.050142225,0.016974742,0.032068796,0.072565612,0.107314854,0.225551848,0.056873348,0.01591274,0.078395375,0.042059645,0.046853115,0.168102291,0.035780055,0.019374367,0.015853817,0.030520158,0.241859385,0.326551193,0.040597217,0.05433665,0.185103729,0,0.048700125,0.066662731,0.003545648,0.081374669,0.044933683,0.148372539,0.280156423,0.017988008,0.072705433,0.036389854,0.338091569,0.011626834,0.122020195,0.053811209,0.017144896,0.069784625,0.195392243,0.012884463,0.051432511,0.032616518,0.078453348,0.284373633,0.129947474,0.033270251,0.353263786,0.037618345,0.106328238,0.056585543,0.036148499,0.162984515,0.025244444,0.281072592,0.101931751,0.031071799,0.119526202,0.008748883,0.067567282,0.112595861,0.025439073
0.001290947,0.002130821,0.002114165,0,0.006970886,0,0,0,0,0,0.003138294,0,0.001511111,0,0.010557626,0.005896838,0.003664941,0,0,0,0,0,0.001453365,0,0,0.001096961,0,0,0,0.002734268,0,0,0,0.001175675,0,0,0,0.001190424,0.002139577,0.002599536,0,0,0,0,0,0,0,0.002073655,0,0,0,0,0.004103035,0.001946551,0.004313925,0,0,0,0,0.001958089,0.00415969,0.001290947,0.002130821,0.002114165,0,0.006970886,0,0,0,0,0,0.003138294,0,0.001511111,0,0.010557626,0.005896838,0.003664941,0,0,0,0,0,0.001453365,0,0,0.001096961,0,0,0,0.002734268,0,0,0,0.001175675,0,0,0,0.001190424,0.002139577,0.002599536,0,0,0,0,0,0,0,0.002073655,0,0,0,0,0.004103035,0.001946551,0.004313925,0,0,0,0,0.001958089,0.00415969,0.001290947,0.002130821,0.002114165,0,0.006970886,0,0,0,0,0,0.003138294,0,0.001511111,0,0.010557626,0.005896838,0.003664941,0,0,0,0
0.032009623,0.12173718,0.061056064,0.025940114,0.030539121,0.350581634,0.041845566,0.041576129,0.043997146,0.088400034,0.060115768,0.073443639,0.084844444,0.072951788,0.03402628,0.159020218,0.123814562,0.080605328,0.130543536,0.124866057,0.063604149,0.242201894,0.161916185,0.201012227,0.062923277,0.006795805,0.025077002,0.099010072,0.485633676,0.082633491,0.02725265,0.037756468,0.125009151,0.049295115,0.101845432,0.170331332,0.207586958,0.039995354,0.021545674,0.025657132,0.063991077,0.163799895,0.06065057,0.058828474,0.041690773,0.162427459,0.106477987,0.103548105,0.133057352,0.064207578,0.067600766,0.029864104,0.053693387,0.051989132,0.034026945,0.129271432,0.063022363,0.07809957,0.051695356,0.24271966,0.064862959,0.032009623,0.12173718,0.061056064,0.025940114,0.030539121,0.350581634,0.041845566,0.041576129,0.043997146,0.088400034,0.060115768,0.073443639,0.084844444,0.072951788,0.03402628,0.159020218,0.123814562,0.080605328,0.130543536,0.124866057,0.063604149,0.242201894,0.161916185,0.201012227,0.062923277,0.006795805,0.025077002,0.099010072,0.485633676,0.082633491,0.02725265,0.037756468,0.125009151,0.049295115,0.101845432,0.170331332,0.207586958,0.039995354,0.021545674,0.025657132,0.063991077,0.163799895,0.06065057,0.058828474,0.041690773,0.162427459,0.106477987,0.103548105,0.133057352,0.064207578,0.067600766,0.029864104,0.053693387,0.051989132,0.034026945,0.129271432,0.063022363,0.07809957,0.051695356,0.24271966,0.064862959,0.032009623,0.12173718,0.061056064,0.025940114,0.030539121,0.350581634,0.041845566,0.041576129,0.043997146,0.088400034,0.060115768,0.073443639,0.084844444,0.072951788,0.03402628,0.159020218,0.123814562,0.080605328,0.130543536,0.124866057,0.063604149
0.002229818,0,0,0.002783558,0,0,0.003454985,0.002405712,0,0.004844988,0.001673757,0.009408182,0,0,0,0.003661223,0.005384063,0.00152383,0.001562005,0,0.003013373,0,0.012826302,0.007838044,0.008301259,0,0.010331109,0.012283399,0,0.011308152,0.015168141,0.004817682,0.01839877,0,0,0.002462309,0.025168927,0.00364386,0.012251462,0,0.00237004,0.030495011,0,0.002866197,0.004899935,0,0,0,0.010802359,0.008835808,0.006339524,0.001366024,0,0.008110629,0.022584664,0,0.004731069,0.05926025,0,0,0.008619018,0.002229818,0,0,0.002783558,0,0,0.003454985,0.002405712,0,0.004844988,0.001673757,0.009408182,0,0,0,0.003661223,0.005384063,0.00152383,0.001562005,0,0.003013373,0,0.012826302,0.007838044,0.008301259,0,0.010331109,0.012283399,0,0.011308152,0.015168141,0.004817682,0.01839877,0,0,0.002462309,0.025168927,0.00364386,0.012251462,0,0.00237004,0.030495011,0,0.002866197,0.004899935,0,0,0,0.010802359,0.008835808,0.006339524,0.001366024,0,0.008110629,0.022584664,0,0.004731069,0.05926025,0,0,0.008619018,0.002229818,0,0,0.002783558,0,0,0.003454985,0.002405712,0,0.004844988,0.001673757,0.009408182,0,0,0,0.003661223,0.005384063,0.00152383,0.001562005,0,0.003013373
0.00105623,0,0.018085025,0.001537585,0.001679261,0.011712081,0.003689789,0.006402297,0,0.002184446,0.002789595,0.010577407,0.012022222,0.006512781,0.004053082,0.005054432,0.019722674,0.003770164,0.004137203,0.011660889,0.003388428,0.007717296,0.011372936,0,0.007590489,0,0.004774127,0.023746178,0.024069789,0.00281239,0.00577834,0.004448275,0.006881238,0.002049628,0.00844045,0.012527539,0.016892658,0.004021311,0.005028687,0.01035949,0.001428995,0.004168855,0.005966036,0.012338934,0.006635575,0.009568294,0.0090331,0.01630647,0.006946912,0.021550494,0.009462442,0.004357145,0.005256604,0.005150249,0.004544616,0.002012218,0.002296514,0.008360645,0.008483621,0.01541474,0.005781264,0.00105623,0,0.018085025,0.001537585,0.001679261,0.011712081,0.003689789,0.006402297,0,0.002184446,0.002789595,0.010577407,0.012022222,0.006512781,0.004053082,0.005054432,0.019722674,0.003770164,0.004137203,0.011660889,0.003388428,0.007717296,0.011372936,0,0.007590489,0,0.004774127,0.023746178,0.024069789,0.00281239,0.00577834,0.004448275,0.006881238,0.002049628,0.00844045,0.012527539,0.016892658,0.004021311,0.005028687,0.01035949,0.001428995,0.004168855,0.005966036,0.012338934,0.006635575,0.009568294,0.0090331,0.01630647,0.006946912,0.021550494,0.009462442,0.004357145,0.005256604,0.005150249,0.004544616,0.002012218,0.002296514,0.008360645,0.008483621,0.01541474,0.005781264,0.00105623,0,0.018085025,0.001537585,0.001679261,0.011712081,0.003689789,0.006402297,0,0.002184446,0.002789595,0.010577407,0.012022222,0.006512781,0.004053082,0.005054432,0.019722674,0.003770164,0.004137203,0.011660889,0.003388428
0.004987751,0,0,0,0.003729522,0,0,0.006431398,0,0.00656734,0,0,0,0,0,0,0,0,0,0.002825927,0,0,0.008452095,0,0,0,0.011806982,0.036634245,0.008109831,0,0.004472657,0,0.024401552,0.008531447,0.006920369,0.005961381,0.022992155,0,0,0.001478547,0.005994807,0,0,0.005597909,0.002172501,0,0,0.01172827,0,0,0,0,0.001284656,0,0,0,0,0,0,0,0,0.004987751,0,0,0,0.003729522,0,0,0.006431398,0,0.00656734,0,0,0,0,0,0,0,0,0,0.002825927,0,0,0.008452095,0,0,0,0.011806982,0.036634245,0.008109831,0,0.004472657,0,0.024401552,0.008531447,0.006920369,0.005961381,0.022992155,0,0,0.001478547,0.005994807,0,0,0.005597909,0.002172501,0,0,0.01172827,0,0,0,0,0.001284656,0,0,0,0,0,0,0,0,0.004987751,0,0,0,0.003729522,0,0,0.006431398,0,0.00656734,0,0,0,0,0,0,0,0,0,0.002825927,0
0.325861487,0,0.106421458,0,0.01927245,0,0,0.203340835,0,0,0.255898831,0.049678463,0,0,0.011767013,0.011696475,0,0,0,0,0,0,0,0,0.221009294,0.179446704,0.023280287,0.131705337,0,0.09622671,0.068965038,0.451230587,0,0,0,0,0,0,0,0.260678392,0.034661834,0,0.432698497,0.252990174,0.351484739,0,0.015737554,0.06130748,0,0,0.40740548,0,0.002451334,0.016626789,0.043439144,0,0,0,0,0,0.219652772,0.325861487,0,0.106421458,0,0.01927245,0,0,0.203340835,0,0,0.255898831,0.049678463,0,0,0.011767013,0.011696475,0,0,0,0,0,0,0,0,0.221009294,0.179446704,0.023280287,0.131705337,0,0.09622671,0.068965038,0.451230587,0,0,0,0,0,0,0,0.260678392,0.034661834,0,0.432698497,0.252990174,0.351484739,0,0.015737554,0.06130748,0,0,0.40740548,0,0.002451334,0.016626789,0.043439144,0,0,0,0,0,0.219652772,0.325861487,0,0.106421458,0,0.01927245,0,0,0.203340835,0,0,0.255898831,0.049678463,0,0,0.011767013,0.011696475,0,0,0,0,0
0.005750583,0.002289698,0.006902876,0.001100168,0,0.035903815,0.00332081,0.007799162,0,0.007365503,0.007555153,0.006661863,0.007,0.010576064,0.004069425,0.022906947,0.02684475,0.015855709,0.00237467,0.009412753,0.00565169,0.002602062,0.023013969,0.01330228,0.015100514,0.003424658,0.003092916,0.031675967,0.024612806,0.01802664,0.012334533,0.003801813,0.022717845,0,0.006747027,0.010130027,0.003968074,0.004122933,0.00352962,0.012176266,0.004862067,0.026326155,0.011618504,0.003706723,0.009563729,0.010806794,0.016466855,0.003527907,0.013574017,0.010125244,0.002217272,0.002991121,0.007957003,0.002352082,0.008304881,0.00152276,0.012348468,0.04871469,0.025368764,0,0.014012514,0.005750583,0.002289698,0.006902876,0.001100168,0,0.035903815,0.00332081,0.007799162,0,0.007365503,0.007555153,0.006661863,0.007,0.010576064,0.004069425,0.022906947,0.02684475,0.015855709,0.00237467,0.009412753,0.00565169,0.002602062,0.023013969,0.01330228,0.015100514,0.003424658,0.003092916,0.031675967,0.024612806,0.01802664,0.012334533,0.003801813,0.022717845,0,0.006747027,0.010130027,0.003968074,0.004122933,0.00352962,0.012176266,0.004862067,0.026326155,0.011618504,0.003706723,0.009563729,0.010806794,0.016466855,0.003527907,0.013574017,0.010125244,0.002217272,0.002991121,0.007957003,0.002352082,0.008304881,0.00152276,0.012348468,0.04871469,0.025368764,0,0.014012514,0.005750583,0.002289698,0.006902876,0.001100168,0,0.035903815,0.00332081,0.007799162,0,0.007365503,0.007555153,0.006661863,0.007,0.010576064,0.004069425,0.022906947,0.02684475,0.015855709,0.00237467,0.009412753,0.00565169
0.001261608,0.027579182,0.002343412,0.025993134,0.00210884,0.005478872,0.016285388,0.024804051,0.051175059,0.003850786,0,0.002311259,0.012266667,0.018097461,0.01052494,0,0.001511316,0.003362934,0.005097625,0.001953987,0.00406094,0.042505737,0.00451531,0.005441842,0.005458179,0.007678724,0.001386037,0.001459841,0.002656058,0,0,0.005417969,0.004050658,0.039161421,0.01012054,0.001965528,0.004217496,0.014749648,0.002548413,0.007866254,0.001916944,0.002297794,0.007195551,0.016936616,0.005206919,0.01388535,0.010875545,0,0.011726245,0.002843101,0,0.002567182,0.001533722,0.006326291,0,0.017185432,0.002070627,0,0.010070879,0.003562055,0,0.001261608,0.027579182,0.002343412,0.025993134,0.00210884,0.005478872,0.016285388,0.024804051,0.051175059,0.003850786,0,0.002311259,0.012266667,0.018097461,0.01052494,0,0.001511316,0.003362934,0.005097625,0.001953987,0.00406094,0.042505737,0.00451531,0.005441842,0.005458179,0.007678724,0.001386037,0.001459841,0.002656058,0,0,0.005417969,0.004050658,0.039161421,0.01012054,0.001965528,0.004217496,0.014749648,0.002548413,0.007866254,0.001916944,0.002297794,0.007195551,0.016936616,0.005206919,0.01388535,0.010875545,0,0.011726245,0.002843101,0,0.002567182,0.001533722,0.006326291,0,0.017185432,0.002070627,0,0.010070879,0.003562055,0,0.001261608,0.027579182,0.002343412,0.025993134,0.00210884,0.005478872,0.016285388,0.024804051,0.051175059,0.003850786,0,0.002311259,0.012266667,0.018097461,0.01052494,0,0.001511316,0.003362934,0.005097625,0.001953987,0.00406094
0.015799434,0.034214634,0.030973789,0.001921981,0.008747779,0,0.015949953,0.02542488,0,0.033354804,0.027733222,0.064864791,0.02,0.007708712,0.006455514,0.043999482,0.168530623,0.030187589,0.002205805,0.007963021,0.001849409,0.001858616,0.020770425,0.046311641,0.008328081,0.013778896,0.022343429,0.055638098,0.001251299,0.069743369,0.109885683,0.006156782,0,0.037101389,0.021147795,0.041276081,0.001224434,0.014720613,0.041510514,0.008223811,0.018646638,0.020154937,0,0.012481824,0.003164295,0.006036801,0.036068426,0.026984448,0.056605785,0.002906516,0,0.059822417,0.024460903,0,0.034234567,0.001178326,0.092274678,0.004994092,0.080703867,0,0.013624747,0.015799434,0.034214634,0.030973789,0.001921981,0.008747779,0,0.015949953,0.02542488,0,0.033354804,0.027733222,0.064864791,0.02,0.007708712,0.006455514,0.043999482,0.168530623,0.030187589,0.002205805,0.007963021,0.001849409,0.001858616,0.020770425,0.046311641,0.008328081,0.013778896,0.022343429,0.055638098,0.001251299,0.069743369,0.109885683,0.006156782,0,0.037101389,0.021147795,0.041276081,0.001224434,0.014720613,0.041510514,0.008223811,0.018646638,0.020154937,0,0.012481824,0.003164295,0.006036801,0.036068426,0.026984448,0.056605785,0.002906516,0,0.059822417,0.024460903,0,0.034234567,0.001178326,0.092274678,0.004994092,0.080703867,0,0.013624747,0.015799434,0.034214634,0.030973789,0.001921981,0.008747779,0,0.015949953,0.02542488,0,0.033354804,0.027733222,0.064864791,0.02,0.007708712,0.006455514,0.043999482,0.168530623,0.030187589,0.002205805,0.007963021,0.001849409
0.016870333,0.017411052,0,0,0,0,0,0.003404858,0,0.006917411,0,0,0,0,0.005311499,0.005540435,0.008444478,0,0.001551451,0,0,0,0.009820799,0.009338469,0,0.008347603,0,0.004431353,0,0.001699152,0,0.00629531,0.016397843,0,0.001866766,0,0.021722371,0.001814671,0,0.002589872,0.007998885,0,0.001658607,0.017281232,0.009008796,0.002837933,0.003377816,0.016845082,0,0,0,0.006877223,0,0,0.020969826,0.016967895,0.013753984,0.00229639,0,0.003687039,0,0.016870333,0.017411052,0,0,0,0,0,0.003404858,0,0.006917411,0,0,0,0,0.005311499,0.005540435,0.008444478,0,0.001551451,0,0,0,0.009820799,0.009338469,0,0.008347603,0,0.004431353,0,0.001699152,0,0.00629531,0.016397843,0,0.001866766,0,0.021722371,0.001814671,0,0.002589872,0.007998885,0,0.001658607,0.017281232,0.009008796,0.002837933,0.003377816,0.016845082,0,0,0,0.006877223,0,0,0.020969826,0.016967895,0.013753984,0.00229639,0,0.003687039,0,0.016870333,0.017411052,0,0,0,0,0,0.003404858,0,0.006917411,0,0,0,0,0.005311499,0.005540435,0.008444478,0,0.001551451,0,0
0,0,0.001681143,0,0,0,0,0,0,0,0.001766743,0,0,0,0.001356475,0.001328409,0.004571731,0,0,0,0,0,0.002836179,0,0,0,0.001591376,0.003956257,0,0.001367134,0.008334144,0,0,0,0,0,0,0,0,0,0,0.001444328,0,0,0,0,0,0.001440786,0,0,0,0,0.001717245,0,0.003160469,0,0.002271415,0,0,0,0,0,0,0.001681143,0,0,0,0,0,0,0,0.001766743,0,0,0,0.001356475,0.001328409,0.004571731,0,0,0,0,0,0.002836179,0,0,0,0.001591376,0.003956257,0,0.001367134,0.008334144,0,0,0,0,0,0,0,0,0,0,0.001444328,0,0,0,0,0,0.001440786,0,0,0,0,0.001717245,0,0.003160469,0,0.002271415,0,0,0,0,0,0,0.001681143,0,0,0,0,0,0,0,0.001766743,0,0,0,0.001356475,0.001328409,0.004571731,0,0,0,0
0.028870274,0.058578892,0.017218982,0.054902377,0.065959815,0.023516801,0.053619348,0.024532438,0.016474607,0.160276696,0.004905038,0.0604734,0.058088889,0.091582375,0.036003792,0.014515293,0.025220085,0.098694236,0.064116095,0.024761004,0.060901167,0.053067524,0.067969522,0.047341783,0.038274304,0.094071062,0.104671458,0.01823506,0.035532156,0.016132182,0.017460031,0.072896304,0.191942608,0.128720803,0.086657955,0.106916065,0.018888032,0.019366172,0.018029682,0.032537688,0.041667393,0.03230042,0.172965524,0.040353694,0.019776846,0.043510262,0.024348427,0.033111156,0.069540189,0.006690271,0.048353181,0.053981488,0.025352297,0.036741149,0.025860478,0.158240125,0.041638431,0.015450472,0.06715744,0.140253302,0.036062395,0.028870274,0.058578892,0.017218982,0.054902377,0.065959815,0.023516801,0.053619348,0.024532438,0.016474607,0.160276696,0.004905038,0.0604734,0.058088889,0.091582375,0.036003792,0.014515293,0.025220085,0.098694236,0.064116095,0.024761004,0.060901167,0.053067524,0.067969522,0.047341783,0.038274304,0.094071062,0.104671458,0.01823506,0.035532156,0.016132182,0.017460031,0.072896304,0.191942608,0.128720803,0.086657955,0.106916065,0.018888032,0.019366172,0.018029682,0.032537688,0.041667393,0.03230042,0.172965524,0.040353694,0.019776846,0.043510262,0.024348427,0.033111156,0.069540189,0.006690271,0.048353181,0.053981488,0.025352297,0.036741149,0.025860478,0.158240125,0.041638431,0.015450472,0.06715744,0.140253302,0.036062395,0.028870274,0.058578892,0.017218982,0.054902377,0.065959815,0.023516801,0.053619348,0.024532438,0.016474607,0.160276696,0.004905038,0.0604734,0.058088889,0.091582375,0.036003792,0.014515293,0.025220085,0.098694236,0.064116095,0.024761004,0.060901167
0.00803908,0.018317586,0.005603811,0.011266784,0.016304454,0.024125564,0.005668858,0.014055952,0.008085962,0.01117428,0.007322686,0.030902886,0.039044444,0.018097461,0.007419756,0.0155521,0.018778101,0.005464768,0.041952507,0.011471793,0.026797031,0.037810712,0.041752505,0.013123124,0.008891333,0.007839255,0.012307495,0.00178809,0.052566342,0.020721847,0.040448377,0.019393865,0.007564481,0.019892837,0.028854872,0.00678215,0.0058274,0.015475516,0.007141008,0.009644376,0.004774933,0.010340074,0.00431568,0.00516924,0.01242104,0.023128096,0.005476157,0.023954757,0.019774714,0.03786926,0.02476474,0.027179161,0.132660418,0.004947484,0.007082218,0.014321194,0.017719549,0.078746126,0.018828166,0.016810399,0.017890191,0.00803908,0.018317586,0.005603811,0.011266784,0.016304454,0.024125564,0.005668858,0.014055952,0.008085962,0.01117428,0.007322686,0.030902886,0.039044444,0.018097461,0.007419756,0.0155521,0.018778101,0.005464768,0.041952507,0.011471793,0.026797031,0.037810712,0.041752505,0.013123124,0.008891333,0.007839255,0.012307495,0.00178809,0.052566342,0.020721847,0.040448377,0.019393865,0.007564481,0.019892837,0.028854872,0.00678215,0.0058274,0.015475516,0.007141008,0.009644376,0.004774933,0.010340074,0.00431568,0.00516924,0.01242104,0.023128096,0.005476157,0.023954757,0.019774714,0.03786926,0.02476474,0.027179161,0.132660418,0.004947484,0.007082218,0.014321194,0.017719549,0.078746126,0.018828166,0.016810399,0.017890191,0.00803908,0.018317586,0.005603811,0.011266784,0.016304454,0.024125564,0.005668858,0.014055952,0.008085962,0.01117428,0.007322686,0.030902886,0.039044444,0.018097461,0.007419756,0.0155521,0.018778101,0.005464768,0.041952507,0.011471793,0.026797031
0.05867942,0.111709236,0.096869508,0.126559124,0.131861051,0.277013882,0.064520998,0.098294661,0.194711694,0.098916179,0.101448265,0.074517695,0.120311111,0.067634938,0.209534549,0.123541991,0.055880908,0.117558195,0.098807388,0.104254649,0.136571739,0.11707664,0.078524058,0.167890894,0.098689769,0.069643622,0.090772587,0.030587565,0.111011427,0.113686965,0.063478394,0.070079576,0.032405261,0.136617594,0.120193077,0.106872867,0.106412408,0.123833166,0.132967198,0.077415926,0.128400397,0.078912815,0.066138003,0.055617661,0.089934471,0.181564048,0.070601482,0.101743755,0.107970294,0.09919146,0.102650316,0.246284651,0.120679033,0.138245671,0.109278398,0.09116618,0.122995256,0.154370945,0.127719548,0.089238845,0.136212215,0.05867942,0.111709236,0.096869508,0.126559124,0.131861051,0.277013882,0.064520998,0.098294661,0.194711694,0.098916179,0.101448265,0.074517695,0.120311111,0.067634938,0.209534549,0.123541991,0.055880908,0.117558195,0.098807388,0.104254649,0.136571739,0.11707664,0.078524058,0.167890894,0.098689769,0.069643622,0.090772587,0.030587565,0.111011427,0.113686965,0.063478394,0.070079576,0.032405261,0.136617594,0.120193077,0.106872867,0.106412408,0.123833166,0.132967198,0.077415926,0.128400397,0.078912815,0.066138003,0.055617661,0.089934471,0.181564048,0.070601482,0.101743755,0.107970294,0.09919146,0.102650316,0.246284651,0.120679033,0.138245671,0.109278398,0.09116618,0.122995256,0.154370945,0.127719548,0.089238845,0.136212215,0.05867942,0.111709236,0.096869508,0.126559124,0.131861051,0.277013882,0.064520998,0.098294661,0.194711694,0.098916179,0.101448265,0.074517695,0.120311111,0.067634938,0.209534549,0.123541991,0.055880908,0.117558195,0.098807388,0.104254649,0.136571739
0.002332507,0.001813067,0.004381161,0,0.005330678,0,0.002532537,0.002104998,0,0.002562523,0.003091801,0.003154188,0.001844444,0.002982623,0.006553573,0.007387247,0.004231685,0.002942567,0.00185752,0.001218615,0.003802281,0,0.001961338,0.003874233,0.002856491,0.002354452,0.002489733,0.003394779,0,0.002558494,0.009764838,0,0.003709036,0.004265723,0.006947037,0,0,0.003222856,0.002602925,0.002899111,0.004618092,0.005252101,0,0.003891639,0.002762855,0.004394904,0.007523318,0.003285532,0.002824959,0,0,0.002072588,0.005453235,0,0.004475408,0,0.003212609,0,0.001505159,0,0.002714374,0.002332507,0.001813067,0.004381161,0,0.005330678,0,0.002532537,0.002104998,0,0.002562523,0.003091801,0.003154188,0.001844444,0.002982623,0.006553573,0.007387247,0.004231685,0.002942567,0.00185752,0.001218615,0.003802281,0,0.001961338,0.003874233,0.002856491,0.002354452,0.002489733,0.003394779,0,0.002558494,0.009764838,0,0.003709036,0.004265723,0.006947037,0,0,0.003222856,0.002602925,0.002899111,0.004618092,0.005252101,0,0.003891639,0.002762855,0.004394904,0.007523318,0.003285532,0.002824959,0,0,0.002072588,0.005453235,0,0.004475408,0,0.003212609,0,0.001505159,0,0.002714374,0.002332507,0.001813067,0.004381161,0,0.005330678,0,0.002532537,0.002104998,0,0.002562523,0.003091801,0.003154188,0.001844444,0.002982623,0.006553573,0.007387247,0.004231685,0.002942567,0.00185752,0.001218615,0.003802281
0.039168513,0.011457837,0.006800988,0.030155217,0.034659169,0,0.006222327,0.029004346,0.006464446,0.006343294,0.009810075,0.029040284,0.038088889,0,0.006210368,0,0,0,0,0.027114193,0.035009441,0.001923263,0.003527586,0.022103283,0.018600721,0.026621361,0.0025154,0.008957725,0,0,0.01973803,0.018147116,0,0.013265359,0,0.007127738,0,0.010220229,0.047970128,0.016167375,0.009271038,0,0,0.027157422,0.002184308,0.0090092,0.006499738,0.004510873,0.002274181,0,0,0.001978379,0,0,0.002629879,0,0.005760108,0.008784251,0.01360116,0,0.003260774,0.039168513,0.011457837,0.006800988,0.030155217,0.034659169,0,0.006222327,0.029004346,0.006464446,0.006343294,0.009810075,0.029040284,0.038088889,0,0.006210368,0,0,0,0,0.027114193,0.035009441,0.001923263,0.003527586,0.022103283,0.018600721,0.026621361,0.0025154,0.008957725,0,0,0.01973803,0.018147116,0,0.013265359,0,0.007127738,0,0.010220229,0.047970128,0.016167375,0.009271038,0,0,0.027157422,0.002184308,0.0090092,0.006499738,0.004510873,0.002274181,0,0,0.001978379,0,0,0.002629879,0,0.005760108,0.008784251,0.01360116,0,0.003260774,0.039168513,0.011457837,0.006800988,0.030155217,0.034659169,0,0.006222327,0.029004346,0.006464446,0.006343294,0.009810075,0.029040284,0.038088889,0,0.006210368,0,0,0,0,0.027114193,0.035009441
0,0.006345735,0.007208538,0.004824835,0.007127097,0,0,0.007052227,0.004215943,0.006889405,0.002650115,0.004690495,0.003266667,0.003991239,0.008661829,0.00618844,0.009049004,0.004348169,0.004506596,0.005609833,0.005742221,0.003814203,0.005940454,0,0.005431357,0.003183861,0.005903491,0.003455246,0.004662858,0.004199055,0.00408373,0.001923995,0.002976989,0,0.005520294,0.006717353,0.006439617,0.002075984,0.003665899,0.004561268,0.003973302,0.003249737,0.004307428,0.002034075,0.002762855,0.006036801,0.007293013,0.003770282,0.003375737,0,0.001623917,0,0.006515042,0.001824892,0.003368091,0.004241974,0.003840072,0,0.002681919,0,0.001621574,0,0.006345735,0.007208538,0.004824835,0.007127097,0,0,0.007052227,0.004215943,0.006889405,0.002650115,0.004690495,0.003266667,0.003991239,0.008661829,0.00618844,0.009049004,0.004348169,0.004506596,0.005609833,0.005742221,0.003814203,0.005940454,0,0.005431357,0.003183861,0.005903491,0.003455246,0.004662858,0.004199055,0.00408373,0.001923995,0.002976989,0,0.005520294,0.006717353,0.006439617,0.002075984,0.003665899,0.004561268,0.003973302,0.003249737,0.004307428,0.002034075,0.002762855,0.006036801,0.007293013,0.003770282,0.003375737,0,0.001623917,0,0.006515042,0.001824892,0.003368091,0.004241974,0.003840072,0,0.002681919,0,0.001621574,0,0.006345735,0.007208538,0.004824835,0.007127097,0,0,0.007052227,0.004215943,0.006889405,0.002650115,0.004690495,0.003266667,0.003991239,0.008661829,0.00618844,0.009049004,0.004348169,0.004506596,0.005609833,0.005742221
0.007422947,0.006925169,0.023434117,0.006945641,0.017300295,0.008297712,0,0.01184425,0.004648347,0.012070462,0.011623312,0.013051813,0.007444444,0.014696983,0.047917892,0.016038103,0.019250387,0.012124954,0.006881266,0.021882551,0.009984222,0.016557843,0.01934528,0.009898329,0.016562286,0.01270869,0.009843429,0.005873918,0.013646237,0.013456506,0.026766491,0.008788807,0.009028574,0.008656297,0.015587498,0.018402523,0.005079135,0.020934048,0.002112321,0.015471589,0.020737849,0.018185399,0.013945505,0.010195591,0.014416435,0.019759377,0.017298515,0.0022891,0.011139933,0,0.002248501,0.009067571,0.01608442,0.004339187,0.007359048,0.003825028,0.015121853,0.02969701,0.009441449,0.011561055,0.012849211,0.007422947,0.006925169,0.023434117,0.006945641,0.017300295,0.008297712,0,0.01184425,0.004648347,0.012070462,0.011623312,0.013051813,0.007444444,0.014696983,0.047917892,0.016038103,0.019250387,0.012124954,0.006881266,0.021882551,0.009984222,0.016557843,0.01934528,0.009898329,0.016562286,0.01270869,0.009843429,0.005873918,0.013646237,0.013456506,0.026766491,0.008788807,0.009028574,0.008656297,0.015587498,0.018402523,0.005079135,0.020934048,0.002112321,0.015471589,0.020737849,0.018185399,0.013945505,0.010195591,0.014416435,0.019759377,0.017298515,0.0022891,0.011139933,0,0.002248501,0.009067571,0.01608442,0.004339187,0.007359048,0.003825028,0.015121853,0.02969701,0.009441449,0.011561055,0.012849211,0.007422947,0.006925169,0.023434117,0.006945641,0.017300295,0.008297712,0,0.01184425,0.004648347,0.012070462,0.011623312,0.013051813,0.007444444,0.014696983,0.047917892,0.016038103,0.019250387,0.012124954,0.006881266,0.021882551,0.009984222
0.013349568,0.055980785,0.043862554,0.047121668,0.044441841,0.004459855,0.022927009,0.01185395,0.090999503,0.039614081,0.028337634,0.014438568,0.030311111,0.053571943,0.054585867,0.031687403,0.013526278,0.098956965,0.070437995,0.022428827,0.012881198,0.051758412,0.015747143,0.032606261,0.012485416,0.029965753,0.02213809,0.009985661,0.016597412,0.031580798,0.007722973,0.018239468,0.01068788,0.049284711,0.048789269,0.038878569,0.015917645,0.081152098,0.029477098,0.025,0.036665912,0.029017857,0.008606605,0.01314584,0.017025798,0.038053786,0.017093798,0.015283108,0.032709118,0.043174972,0.008931546,0.071150993,0.04991807,0.071576301,0.040071053,0.028297953,0.070564466,0.04430027,0.051394324,0.048327292,0.01533445,0.013349568,0.055980785,0.043862554,0.047121668,0.044441841,0.004459855,0.022927009,0.01185395,0.090999503,0.039614081,0.028337634,0.014438568,0.030311111,0.053571943,0.054585867,0.031687403,0.013526278,0.098956965,0.070437995,0.022428827,0.012881198,0.051758412,0.015747143,0.032606261,0.012485416,0.029965753,0.02213809,0.009985661,0.016597412,0.031580798,0.007722973,0.018239468,0.01068788,0.049284711,0.048789269,0.038878569,0.015917645,0.081152098,0.029477098,0.025,0.036665912,0.029017857,0.008606605,0.01314584,0.017025798,0.038053786,0.017093798,0.015283108,0.032709118,0.043174972,0.008931546,0.071150993,0.04991807,0.071576301,0.040071053,0.028297953,0.070564466,0.04430027,0.051394324,0.048327292,0.01533445,0.013349568,0.055980785,0.043862554,0.047121668,0.044441841,0.004459855,0.022927009,0.01185395,0.090999503,0.039614081,0.028337634,0.014438568,0.030311111,0.053571943,0.054585867,0.031687403,0.013526278,0.098956965,0.070437995,0.022428827,0.012881198
0,0.002196241,0,0,0.004120048,0.007649246,0,0.002958637,0,0,0.001697004,0,0.001222222,0.001628195,0.001944826,0.003823224,0,0,0.004907652,0,0,0.001583864,0.00657542,0,0,0,0.0012577,0,0.016042591,0.001679622,0,0,0,0,0.003253507,0,0,0.002976061,0,0,0,0,0.011420461,0,0,0,0.002047161,0,0.002185346,0,0,0,0,0,0,0,0,0,0,0.003895346,0,0,0.002196241,0,0,0.004120048,0.007649246,0,0.002958637,0,0,0.001697004,0,0.001222222,0.001628195,0.001944826,0.003823224,0,0,0.004907652,0,0,0.001583864,0.00657542,0,0,0,0.0012577,0,0.016042591,0.001679622,0,0,0,0,0.003253507,0,0,0.002976061,0,0,0,0,0.011420461,0,0,0,0.002047161,0,0.002185346,0,0,0,0,0,0,0,0,0,0,0.003895346,0,0,0.002196241,0,0,0.004120048,0.007649246,0,0.002958637,0,0,0.001697004,0,0.001222222,0.001628195,0.001944826,0.003823224,0,0,0.004907652,0,0
0,0.007644788,0,0,0.003514733,0,0.001492688,0.003259351,0.01284241,0,0,0.008769187,0.005333333,0.009394542,0,0,0,0,0.005139842,0.006387226,0.001901141,0.003725313,0.006518978,0.001746764,0.00354044,0,0,0,0.006764095,0,0,0.004463667,0.002928186,0.016230557,0.019787722,0,0.003877375,0.006707025,0,0.0118477,0.00711012,0.001674107,0.001930916,0.001538164,0.001747447,0.00556971,0.003672096,0,0.005365646,0.004819532,0,0.003108882,0,0.005069143,0,0,0,0,0,0.004791068,0,0,0.007644788,0,0,0.003514733,0,0.001492688,0.003259351,0.01284241,0,0,0.008769187,0.005333333,0.009394542,0,0,0,0,0.005139842,0.006387226,0.001901141,0.003725313,0.006518978,0.001746764,0.00354044,0,0,0,0.006764095,0,0,0.004463667,0.002928186,0.016230557,0.019787722,0,0.003877375,0.006707025,0,0.0118477,0.00711012,0.001674107,0.001930916,0.001538164,0.001747447,0.00556971,0.003672096,0,0.005365646,0.004819532,0,0.003108882,0,0.005069143,0,0,0,0,0,0.004791068,0,0,0.007644788,0,0,0.003514733,0,0.001492688,0.003259351,0.01284241,0,0,0.008769187,0.005333333,0.009394542,0,0,0,0,0.005139842,0.006387226,0.001901141
0.001863072,0,0,0,0.003338996,0,0.001844895,0.00172668,0,0.002212451,0.002626868,0.003385314,0.003488889,0,0.003971367,0.003628823,0.003230438,0.002653565,0.001266491,0,0.004617056,0.001737402,0.002398758,0.004008599,0,0.00296982,0.003195585,0.002263186,0,0.001757744,0,0.002016346,0,0.002850752,0.001786762,0.003347877,0,0.002467953,0.002616552,0.004599923,0.004286984,0.00262605,0.002384764,0.001470922,0,0.001330502,0.005041135,0.002019794,0,0,0,0.003038225,0,0.002595401,0.003206607,0.003480594,0.004793816,0,0.004679675,0,0.001674451,0.001863072,0,0,0,0.003338996,0,0.001844895,0.00172668,0,0.002212451,0.002626868,0.003385314,0.003488889,0,0.003971367,0.003628823,0.003230438,0.002653565,0.001266491,0,0.004617056,0.001737402,0.002398758,0.004008599,0,0.00296982,0.003195585,0.002263186,0,0.001757744,0,0.002016346,0,0.002850752,0.001786762,0.003347877,0,0.002467953,0.002616552,0.004599923,0.004286984,0.00262605,0.002384764,0.001470922,0,0.001330502,0.005041135,0.002019794,0,0,0,0.003038225,0,0.002595401,0.003206607,0.003480594,0.004793816,0,0.004679675,0,0.001674451,0.001863072,0,0,0,0.003338996,0,0.001844895,0.00172668,0,0.002212451,0.002626868,0.003385314,0.003488889,0,0.003971367,0.003628823,0.003230438,0.002653565,0.001266491,0,0.004617056
0.002963311,0.008214876,0.01569067,0.008854367,0.006521782,0,0.002431907,0.001775182,0.009015631,0.007393508,0.01232071,0.014180251,0.015844444,0.004855768,0.008383997,0.017366511,0.003362678,0.022686669,0.017562005,0.008456771,0,0.003006109,0.012600536,0.005576208,0.012539059,0.011156892,0.015156571,0.001580775,0.001794315,0.003906097,0,0.002478105,0.001878919,0.01965354,0.020774441,0.022333578,0.016801959,0.002148571,0.007440821,0.00871666,0.018507223,0.011882878,0,0.003715129,0.006482083,0.013779193,0.009480917,0.009210261,0.009860706,0.001701633,0.001748834,0.017428578,0.020488956,0.012206497,0.005605795,0.015535776,0.013678689,0,0.016365179,0.006353372,0.013095973,0.002963311,0.008214876,0.01569067,0.008854367,0.006521782,0,0.002431907,0.001775182,0.009015631,0.007393508,0.01232071,0.014180251,0.015844444,0.004855768,0.008383997,0.017366511,0.003362678,0.022686669,0.017562005,0.008456771,0,0.003006109,0.012600536,0.005576208,0.012539059,0.011156892,0.015156571,0.001580775,0.001794315,0.003906097,0,0.002478105,0.001878919,0.01965354,0.020774441,0.022333578,0.016801959,0.002148571,0.007440821,0.00871666,0.018507223,0.011882878,0,0.003715129,0.006482083,0.013779193,0.009480917,0.009210261,0.009860706,0.001701633,0.001748834,0.017428578,0.020488956,0.012206497,0.005605795,0.015535776,0.013678689,0,0.016365179,0.006353372,0.013095973,0.002963311,0.008214876,0.01569067,0.008854367,0.006521782,0,0.002431907,0.001775182,0.009015631,0.007393508,0.01232071,0.014180251,0.015844444,0.004855768,0.008383997,0.017366511,0.003362678,0.022686669,0.017562005,0.008456771,0
0.005618554,0.012383062,0.007081179,0.035377702,0.014234667,0,0,0.005461353,0,0.014142885,0.016226143,0.00458173,0.005022222,0.002593585,0.010672027,0.009752462,0,0.017051127,0.014110818,0.004233638,0.024443237,0,0.004783406,0.014198056,0.007013826,0.008775685,0.01913501,0.007143721,0,0.003300652,0.002055755,0.005402577,0,0.011839983,0.012200651,0.01250594,0.004353544,0.007534515,0.00423827,0.013896405,0.012303295,0.00518645,0.008821151,0.008691048,0.010862507,0.024699222,0.022800261,0.002046725,0.007124582,0,0.014969187,0.023599237,0.003749099,0.008151182,0,0.009354096,0.006475416,0,0.001778824,0.003624547,0.015686966,0.005618554,0.012383062,0.007081179,0.035377702,0.014234667,0,0,0.005461353,0,0.014142885,0.016226143,0.00458173,0.005022222,0.002593585,0.010672027,0.009752462,0,0.017051127,0.014110818,0.004233638,0.024443237,0,0.004783406,0.014198056,0.007013826,0.008775685,0.01913501,0.007143721,0,0.003300652,0.002055755,0.005402577,0,0.011839983,0.012200651,0.01250594,0.004353544,0.007534515,0.00423827,0.013896405,0.012303295,0.00518645,0.008821151,0.008691048,0.010862507,0.024699222,0.022800261,0.002046725,0.007124582,0,0.014969187,0.023599237,0.003749099,0.008151182,0,0.009354096,0.006475416,0,0.001778824,0.003624547,0.015686966,0.005618554,0.012383062,0.007081179,0.035377702,0.014234667,0,0,0.005461353,0,0.014142885,0.016226143,0.00458173,0.005022222,0.002593585,0.010672027,0.009752462,0,0.017051127,0.014110818,0.004233638,0.024443237
0,0.002364464,0,0,0.01427372,0,0,0,0,0,0.001487784,0.00511196,0.0018,0,0.00233706,0,0.003551593,0,0.008274406,0.002657842,0.010398076,0,0.002017779,0,0.006611504,0.002086901,0,0,0,0,0,0,0,0.008968423,0.017840952,0,0,0.002075984,0,0.003604561,0.004635519,0,0,0.002067696,0,0,0.006921965,0,0,0,0,0.002001931,0,0,0,0,0,0,0,0.002166396,0.010258218,0,0.002364464,0,0,0.01427372,0,0,0,0,0,0.001487784,0.00511196,0.0018,0,0.00233706,0,0.003551593,0,0.008274406,0.002657842,0.010398076,0,0.002017779,0,0.006611504,0.002086901,0,0,0,0,0,0,0,0.008968423,0.017840952,0,0,0.002075984,0,0.003604561,0.004635519,0,0,0.002067696,0,0,0.006921965,0,0,0,0,0.002001931,0,0,0,0,0,0,0,0.002166396,0.010258218,0,0.002364464,0,0,0.01427372,0,0,0,0,0,0.001487784,0.00511196,0.0018,0,0.00233706,0,0.003551593,0,0.008274406,0.002657842,0.010398076
0,0.005299016,0,0,0,0.004208409,0,0,0.003394374,0,0,0,0.004333333,0,0,0.002203214,0,0,0.005203166,0.001596806,0.003207367,0,0,0,0,0,0,0,0.004757295,0,0,0,0,0,0.001986773,0,0,0,0,0,0,0,0.003787566,0,0,0.003581033,0,0,0,0,0.0041743,0.002496526,0.001428852,0,0,0,0.001618854,0,0,0,0,0,0.005299016,0,0,0,0.004208409,0,0,0.003394374,0,0,0,0.004333333,0,0,0.002203214,0,0,0.005203166,0.001596806,0.003207367,0,0,0,0,0,0,0,0.004757295,0,0,0,0,0,0.001986773,0,0,0,0,0,0,0,0.003787566,0,0,0.003581033,0,0,0,0,0.0041743,0.002496526,0.001428852,0,0,0,0.001618854,0,0,0,0,0,0.005299016,0,0,0,0.004208409,0,0,0.003394374,0,0,0,0.004333333,0,0,0.002203214,0,0,0.005203166,0.001596806,0.003207367
0,0,0.002750962,0,0.002245524,0,0,0.001687878,0,0.001736354,0.004533092,0,0,0,0.0021246,0.003823224,0.001586882,0,0.002100264,0,0.002715915,0,0.003880344,0,0.002427347,0,0,0,0,0.002949104,0.003764255,0,0,0.007907195,0.002266788,0.002203119,0,0,0,0,0.002073785,0,0,0.002689686,0,0.001677282,0.002674105,0.007500168,0,0.00248375,0,0.002284557,0.004470079,0,0.003783335,0,0,0,0,0,0,0,0,0.002750962,0,0.002245524,0,0,0.001687878,0,0.001736354,0.004533092,0,0,0,0.0021246,0.003823224,0.001586882,0,0.002100264,0,0.002715915,0,0.003880344,0,0.002427347,0,0,0,0,0.002949104,0.003764255,0,0,0.007907195,0.002266788,0.002203119,0,0,0,0,0.002073785,0,0,0.002689686,0,0.001677282,0.002674105,0.007500168,0,0.00248375,0,0.002284557,0.004470079,0,0.003783335,0,0,0,0,0,0,0,0,0.002750962,0,0.002245524,0,0,0.001687878,0,0.001736354,0.004533092,0,0,0,0.0021246,0.003823224,0.001586882,0,0.002100264,0,0.002715915
0.014361788,0.016411062,0.015614254,0.009437589,0.044363736,0.003070286,0.007564068,0.003598867,0.002507945,0.043828941,0.032103587,0.014166655,0.026466667,0.00881819,0.013891613,0.016070503,0.016530019,0.019481372,0.011915567,0.010148125,0.046092962,0.012687074,0.014477212,0.039593318,0.019432189,0.010220462,0.021650411,0.023262443,0.010022193,0.014491621,0.040670621,0.008758023,0.020838925,0.014503459,0.014587445,0.030066094,0.017074056,0.016361076,0.002112321,0.014853112,0.01259955,0.004628414,0.02194973,0.014003177,0.004817286,0.019532909,0.025128907,0.007648287,0.01163741,0,0.014771402,0.023245955,0.00612178,0.003771442,0.010127342,0.029385639,0.019702332,0.003767864,0.010344544,0.02114319,0.016321495,0.014361788,0.016411062,0.015614254,0.009437589,0.044363736,0.003070286,0.007564068,0.003598867,0.002507945,0.043828941,0.032103587,0.014166655,0.026466667,0.00881819,0.013891613,0.016070503,0.016530019,0.019481372,0.011915567,0.010148125,0.046092962,0.012687074,0.014477212,0.039593318,0.019432189,0.010220462,0.021650411,0.023262443,0.010022193,0.014491621,0.040670621,0.008758023,0.020838925,0.014503459,0.014587445,0.030066094,0.017074056,0.016361076,0.002112321,0.014853112,0.01259955,0.004628414,0.02194973,0.014003177,0.004817286,0.019532909,0.025128907,0.007648287,0.01163741,0,0.014771402,0.023245955,0.00612178,0.003771442,0.010127342,0.029385639,0.019702332,0.003767864,0.010344544,0.02114319,0.016321495,0.014361788,0.016411062,0.015614254,0.009437589,0.044363736,0.003070286,0.007564068,0.003598867,0.002507945,0.043828941,0.032103587,0.014166655,0.026466667,0.00881819,0.013891613,0.016070503,0.016530019,0.019481372,0.011915567,0.010148125,0.046092962
0.007760353,0.00542051,0.002776433,0.002067786,0,0,0,0.001484169,0.00300521,0,0.004533092,0.002855084,0.001533333,0,0,0.001976413,0.005006234,0.020177605,0,0.011482299,0.003414293,0.002157611,0.001509807,0.006225646,0.002239597,0.004494863,0.003644764,0,0,0.002636616,0.004611559,0.00290908,0.004050658,0.008469021,0.01088058,0,0,0,0.009839327,0.001845767,0.019814231,0.002396271,0,0.009808948,0,0.001953291,0.005220262,0,0,0,0.003154147,0.006194211,0.009543161,0,0,0.001323351,0.003463595,0,0,0,0.001833084,0.007760353,0.00542051,0.002776433,0.002067786,0,0,0,0.001484169,0.00300521,0,0.004533092,0.002855084,0.001533333,0,0,0.001976413,0.005006234,0.020177605,0,0.011482299,0.003414293,0.002157611,0.001509807,0.006225646,0.002239597,0.004494863,0.003644764,0,0,0.002636616,0.004611559,0.00290908,0.004050658,0.008469021,0.01088058,0,0,0,0.009839327,0.001845767,0.019814231,0.002396271,0,0.009808948,0,0.001953291,0.005220262,0,0,0,0.003154147,0.006194211,0.009543161,0,0,0.001323351,0.003463595,0,0,0,0.001833084,0.007760353,0.00542051,0.002776433,0.002067786,0,0,0,0.001484169,0.00300521,0,0.004533092,0.002855084,0.001533333,0,0,0.001976413,0.005006234,0.020177605,0,0.011482299,0.003414293
0.010503616,0.014513883,0.019129372,0.015853028,0.009118778,0.016502786,0.009895344,0.00882741,0.012366765,0.006539334,0.011832531,0.015499028,0.0138,0.003948013,0.021540171,0.010011664,0.002928175,0.00961589,0.011229551,0.025412333,0.011083521,0.024848886,0.012642867,0.017288485,0.010500624,0.007785745,0.010972793,0.002228634,0.014519785,0.00720675,0.004750462,0.006572365,0.00675923,0.014586693,0.018507654,0.011382781,0.008276269,0.017522466,0.014568201,0.009035562,0.009462733,0.007024685,0.009390524,0.006194683,0.005384025,0.010997877,0.013959082,0.031629974,0.008723616,0.013771601,0.013001749,0.007230505,0.037451662,0.004947484,0.007797361,0.006399217,0.012034736,0.030254387,0.007416327,0.015581386,0.012708205,0.010503616,0.014513883,0.019129372,0.015853028,0.009118778,0.016502786,0.009895344,0.00882741,0.012366765,0.006539334,0.011832531,0.015499028,0.0138,0.003948013,0.021540171,0.010011664,0.002928175,0.00961589,0.011229551,0.025412333,0.011083521,0.024848886,0.012642867,0.017288485,0.010500624,0.007785745,0.010972793,0.002228634,0.014519785,0.00720675,0.004750462,0.006572365,0.00675923,0.014586693,0.018507654,0.011382781,0.008276269,0.017522466,0.014568201,0.009035562,0.009462733,0.007024685,0.009390524,0.006194683,0.005384025,0.010997877,0.013959082,0.031629974,0.008723616,0.013771601,0.013001749,0.007230505,0.037451662,0.004947484,0.007797361,0.006399217,0.012034736,0.030254387,0.007416327,0.015581386,0.012708205,0.010503616,0.014513883,0.019129372,0.015853028,0.009118778,0.016502786,0.009895344,0.00882741,0.012366765,0.006539334,0.011832531,0.015499028,0.0138,0.003948013,0.021540171,0.010011664,0.002928175,0.00961589,0.011229551,0.025412333,0.011083521
0,0,0,0,0,0,0,0,0,0,0,0.00414667,0,0,0,0.003466822,0,0.001760286,0,0,0,0,0,0,0,0,0.00237423,0.006703177,0,0.006464591,0.002250219,0,0.004148264,0.002455392,0,0.003455873,0,0,0,0.00819482,0,0.002166492,0,0.002101317,0.004427652,0,0.016364497,0,0.014320233,0,0,0.005322782,0.008677984,0,0,0,0.001367869,0,0,0,0.002097471,0,0,0,0,0,0,0,0,0,0,0,0.00414667,0,0,0,0.003466822,0,0.001760286,0,0,0,0,0,0,0,0,0.00237423,0.006703177,0,0.006464591,0.002250219,0,0.004148264,0.002455392,0,0.003455873,0,0,0,0.00819482,0,0.002166492,0,0.002101317,0.004427652,0,0.016364497,0,0.014320233,0,0,0.005322782,0.008677984,0,0,0,0.001367869,0,0,0,0.002097471,0,0,0,0,0,0,0,0,0,0,0,0.00414667,0,0,0,0.003466822,0,0.001760286,0,0,0
0,0,0,0,0.003007049,0,0.001761036,0,0,0.00274456,0,0,0.004622222,0.002377453,0,0,0,0.003494299,0.002617414,0.001670344,0.002767647,0,0.002328207,0,0.003325868,0,0,0.002332291,0.002443574,0,0,0.001862427,0.005075523,0.004068043,0.001866766,0.001987127,0,0,0,0.004252029,0,0,0,0.00202567,0.002774662,0.002682236,0,0.002531475,0.001616801,0.002589441,0,0.003438611,0.005715409,0,0,0.001740297,0.003827523,0,0,0,0,0,0,0,0,0.003007049,0,0.001761036,0,0,0.00274456,0,0,0.004622222,0.002377453,0,0,0,0.003494299,0.002617414,0.001670344,0.002767647,0,0.002328207,0,0.003325868,0,0,0.002332291,0.002443574,0,0,0.001862427,0.005075523,0.004068043,0.001866766,0.001987127,0,0,0,0.004252029,0,0,0,0.00202567,0.002774662,0.002682236,0,0.002531475,0.001616801,0.002589441,0,0.003438611,0.005715409,0,0,0.001740297,0.003827523,0,0,0,0,0,0,0,0,0.003007049,0,0.001761036,0,0,0.00274456,0,0,0.004622222,0.002377453,0,0,0,0.003494299,0.002617414,0.001670344,0.002767647
0.001217598,0.008046654,0.005782114,0.002531713,0.003768574,0,0,0,0,0.004648948,0.005323477,0,0.003355556,0,0,0,0,0.002128107,0,0.002468747,0.005470629,0,0.002342317,0,0,0.003103596,0,0,0,0,0.004819913,0,0,0.004203298,0.006347005,0.003607067,0,0,0,0,0.004025582,0,0.002128959,0.001605406,0,0,0.001471397,0,0,0,0.005537975,0.005935137,0,0,0.002122359,0.007577543,0.001430615,0,0,0,0,0.001217598,0.008046654,0.005782114,0.002531713,0.003768574,0,0,0,0,0.004648948,0.005323477,0,0.003355556,0,0,0,0,0.002128107,0,0.002468747,0.005470629,0,0.002342317,0,0,0.003103596,0,0,0,0,0.004819913,0,0,0.004203298,0.006347005,0.003607067,0,0,0,0,0.004025582,0,0.002128959,0.001605406,0,0,0.001471397,0,0,0,0.005537975,0.005935137,0,0,0.002122359,0.007577543,0.001430615,0,0,0,0,0.001217598,0.008046654,0.005782114,0.002531713,0.003768574,0,0,0,0,0.004648948,0.005323477,0,0.003355556,0,0,0,0,0.002128107,0,0.002468747,0.005470629
0.007863042,0.009504584,0.008176469,0.003380035,0.002967996,0.004367217,0.001979069,0.005800869,0,0.008205674,0.005741916,0.004228244,0.0018,0,0.001993855,0.00311042,0.001738013,0.008748883,0.005699208,0.003897468,0.013178655,0.004743511,0.008663751,0.003493528,0,0.006447988,0.013321355,0,0.004438568,0,0,0.005494928,0.003489422,0.010601883,0.004106886,0.01114519,0,0.003890655,0.004115619,0.00722845,0.005315163,0.00157563,0.005215124,0.002975465,0.006824488,0.00517339,0.002264672,0.00709621,0.003215834,0,0.007057795,0.002802704,0.02439536,0,0.001637907,0.003009263,0.002484753,0,0.006349033,0,0.009094915,0.007863042,0.009504584,0.008176469,0.003380035,0.002967996,0.004367217,0.001979069,0.005800869,0,0.008205674,0.005741916,0.004228244,0.0018,0,0.001993855,0.00311042,0.001738013,0.008748883,0.005699208,0.003897468,0.013178655,0.004743511,0.008663751,0.003493528,0,0.006447988,0.013321355,0,0.004438568,0,0,0.005494928,0.003489422,0.010601883,0.004106886,0.01114519,0,0.003890655,0.004115619,0.00722845,0.005315163,0.00157563,0.005215124,0.002975465,0.006824488,0.00517339,0.002264672,0.00709621,0.003215834,0,0.007057795,0.002802704,0.02439536,0,0.001637907,0.003009263,0.002484753,0,0.006349033,0,0.009094915,0.007863042,0.009504584,0.008176469,0.003380035,0.002967996,0.004367217,0.001979069,0.005800869,0,0.008205674,0.005741916,0.004228244,0.0018,0,0.001993855,0.00311042,0.001738013,0.008748883,0.005699208,0.003897468,0.013178655
0.003696803,0.005046682,0.006648157,0.004374163,0.007029465,0.002726202,0.008318798,0.009768353,0.006096902,0.002086426,0.004719065,0.008225361,0.007577778,0,0.035873047,0.001846812,0.00377829,0.008078924,0.011556728,0.005777918,0.01143271,0.021050845,0.016734867,0.005867336,0.001716577,0.012815711,0.020148871,0.002790111,0,0.007070036,0.006250608,0.004232788,0,0.007012433,0.009227159,0.01576742,0.018593261,0.022806788,0.005246733,0.005179745,0.026122719,0.010372899,0.005933029,0.00453044,0.006824488,0.015237084,0.005719257,0.00460513,0.010180513,0.001564234,0.004601099,0.015520855,0,0.004541952,0.010911691,0.004930841,0.009236252,0.006621631,0.006814263,0.009373828,0.004988103,0.003696803,0.005046682,0.006648157,0.004374163,0.007029465,0.002726202,0.008318798,0.009768353,0.006096902,0.002086426,0.004719065,0.008225361,0.007577778,0,0.035873047,0.001846812,0.00377829,0.008078924,0.011556728,0.005777918,0.01143271,0.021050845,0.016734867,0.005867336,0.001716577,0.012815711,0.020148871,0.002790111,0,0.007070036,0.006250608,0.004232788,0,0.007012433,0.009227159,0.01576742,0.018593261,0.022806788,0.005246733,0.005179745,0.026122719,0.010372899,0.005933029,0.00453044,0.006824488,0.015237084,0.005719257,0.00460513,0.010180513,0.001564234,0.004601099,0.015520855,0,0.004541952,0.010911691,0.004930841,0.009236252,0.006621631,0.006814263,0.009373828,0.004988103,0.003696803,0.005046682,0.006648157,0.004374163,0.007029465,0.002726202,0.008318798,0.009768353,0.006096902,0.002086426,0.004719065,0.008225361,0.007577778,0,0.035873047,0.001846812,0.00377829,0.008078924,0.011556728,0.005777918,0.01143271
0.004973081,0.002663527,0.004177386,0,0,0.00235565,0,0,0.002032301,0,0.010763187,0.006797819,0.003666667,0.001181522,0.004576061,0.001944012,0,0.003730755,0,0,0.005819818,0.004396031,0.001989558,0.003851839,0.00123379,0.001712329,0.001552875,0,0.007023798,0,0,0,0,0.005202102,0.015747507,0.001965528,0.004648315,0.001306563,0,0,0.007876897,0.004694065,0.002013434,0.003832802,0.003034418,0.016956829,0.001752882,0.001912072,0.002167579,0.002187814,0,0.005723168,0.003473815,0,0.002145428,0.006979316,0.008106819,0.001560654,0.00243562,0,0,0.004973081,0.002663527,0.004177386,0,0,0.00235565,0,0,0.002032301,0,0.010763187,0.006797819,0.003666667,0.001181522,0.004576061,0.001944012,0,0.003730755,0,0,0.005819818,0.004396031,0.001989558,0.003851839,0.00123379,0.001712329,0.001552875,0,0.007023798,0,0,0,0,0.005202102,0.015747507,0.001965528,0.004648315,0.001306563,0,0,0.007876897,0.004694065,0.002013434,0.003832802,0.003034418,0.016956829,0.001752882,0.001912072,0.002167579,0.002187814,0,0.005723168,0.003473815,0,0.002145428,0.006979316,0.008106819,0.001560654,0.00243562,0,0,0.004973081,0.002663527,0.004177386,0,0,0.00235565,0,0,0.002032301,0,0.010763187,0.006797819,0.003666667,0.001181522,0.004576061,0.001944012,0,0.003730755,0,0,0.005819818
0.007907052,0.002897169,0.012837821,0,0.001991682,0,0.014155374,0.02327138,0.010939831,0.014815022,0,0.001373159,0.001755556,0.017117662,0,0.014353292,0.014319719,0.001326783,0.004506596,0.002374199,0,0.013535572,0,0.004187755,0.003513619,0.011183647,0.002220226,0.01461569,0.002219284,0.00361314,0.021863237,0,0.003001391,0,0.001586751,0.008207698,0.010793161,0.00778131,0.008203982,0.005421337,0.00958472,0,0,0.005076782,0.002928154,0.003941967,0.002993974,0.001804349,0.001332528,0,0,0.001530889,0.002412008,0,0.005559657,0.003553106,0.002974174,0.034312086,0.002846118,0.007853185,0,0.007907052,0.002897169,0.012837821,0,0.001991682,0,0.014155374,0.02327138,0.010939831,0.014815022,0,0.001373159,0.001755556,0.017117662,0,0.014353292,0.014319719,0.001326783,0.004506596,0.002374199,0,0.013535572,0,0.004187755,0.003513619,0.011183647,0.002220226,0.01461569,0.002219284,0.00361314,0.021863237,0,0.003001391,0,0.001586751,0.008207698,0.010793161,0.00778131,0.008203982,0.005421337,0.00958472,0,0,0.005076782,0.002928154,0.003941967,0.002993974,0.001804349,0.001332528,0,0,0.001530889,0.002412008,0,0.005559657,0.003553106,0.002974174,0.034312086,0.002846118,0.007853185,0,0.007907052,0.002897169,0.012837821,0,0.001991682,0,0.014155374,0.02327138,0.010939831,0.014815022,0,0.001373159,0.001755556,0.017117662,0,0.014353292,0.014319719,0.001326783,0.004506596,0.002374199,0
0,0.009541967,0.006189664,0.002836579,0,0,0,0.008090175,0.019177134,0.015277117,0,0.001672264,0,0.003904787,0.006226711,0,0.023765444,0.002101834,0.001741425,0,0.001836476,0.052154378,0,0,0,0.001444777,0,0.007852046,0,0,0,0,0.018203558,0.003579046,0,0,0.011881547,0.003106717,0.001594462,0.003005412,0.002300333,0.002035189,0,0.007253747,0,0.002193914,0.002827642,0.002598802,0.00191884,0,0,0.004003863,0,0.00154102,0.003483436,0.004985226,0.001229827,0.004392125,0,0.014664834,0,0,0.009541967,0.006189664,0.002836579,0,0,0,0.008090175,0.019177134,0.015277117,0,0.001672264,0,0.003904787,0.006226711,0,0.023765444,0.002101834,0.001741425,0,0.001836476,0.052154378,0,0,0,0.001444777,0,0.007852046,0,0,0,0,0.018203558,0.003579046,0,0,0.011881547,0.003106717,0.001594462,0.003005412,0.002300333,0.002035189,0,0.007253747,0,0.002193914,0.002827642,0.002598802,0.00191884,0,0,0.004003863,0,0.00154102,0.003483436,0.004985226,0.001229827,0.004392125,0,0.014664834,0,0,0.009541967,0.006189664,0.002836579,0,0,0,0.008090175,0.019177134,0.015277117,0,0.001672264,0,0.003904787,0.006226711,0,0.023765444,0.002101834,0.001741425,0,0.001836476
0,0.002485958,0.002954736,0.001895471,0.006853729,0.004631897,0.002448678,0,0,0.002338477,0.007578399,0.004105883,0.001888889,0,0.00398771,0.014936496,0,0.00296884,0.007778364,0.006229646,0,0,0.002187103,0.0076141,0.005927555,0.004280822,0.003285421,0,0.007106431,0.003515488,0,0.002708984,0,0.010570671,0.004986933,0.002699901,0.004602966,0.002976061,0.002207716,0.005653266,0.011100849,0.004103204,0.002467282,0.00486665,0.006848102,0.009971691,0.001356244,0.006584528,0,0,0,0.005558303,0.00228092,0,0.004982929,0.003480594,0.002949075,0,0,0.003624547,0.00340178,0,0.002485958,0.002954736,0.001895471,0.006853729,0.004631897,0.002448678,0,0,0.002338477,0.007578399,0.004105883,0.001888889,0,0.00398771,0.014936496,0,0.00296884,0.007778364,0.006229646,0,0,0.002187103,0.0076141,0.005927555,0.004280822,0.003285421,0,0.007106431,0.003515488,0,0.002708984,0,0.010570671,0.004986933,0.002699901,0.004602966,0.002976061,0.002207716,0.005653266,0.011100849,0.004103204,0.002467282,0.00486665,0.006848102,0.009971691,0.001356244,0.006584528,0,0,0,0.005558303,0.00228092,0,0.004982929,0.003480594,0.002949075,0,0,0.003624547,0.00340178,0,0.002485958,0.002954736,0.001895471,0.006853729,0.004631897,0.002448678,0,0,0.002338477,0.007578399,0.004105883,0.001888889,0,0.00398771,0.014936496,0,0.00296884,0.007778364,0.006229646,0
0.06673317,0.171774096,0.13074709,0.098007767,0.215531213,0.122745259,0.052696901,0.07736109,0.060363652,0.115621587,0.034126043,0.096868924,0.158,0.041511772,0.036461398,0.073613271,0.044470473,0.095817351,0.191229551,0.116472319,0.186557513,0.051661441,0.064710032,0.045057554,0.118765674,0.091636344,0.086832649,0.025387419,0.022924733,0.137475099,0.028113844,0.089658145,0.048827505,0.166925038,0.114379434,0.098276383,0.041063897,0.103566918,0.072759236,0.136238887,0.102155691,0.082819065,0.031175218,0.100577442,0.102083948,0.109327672,0.039970828,0.12719316,0.101716296,0.040532685,0.09414557,0.111896182,0.091656289,0.112251105,0.088539264,0.205953266,0.089927967,0.027757341,0.107605156,0.090217889,0.078099938,0.06673317,0.171774096,0.13074709,0.098007767,0.215531213,0.122745259,0.052696901,0.07736109,0.060363652,0.115621587,0.034126043,0.096868924,0.158,0.041511772,0.036461398,0.073613271,0.044470473,0.095817351,0.191229551,0.116472319,0.186557513,0.051661441,0.064710032,0.045057554,0.118765674,0.091636344,0.086832649,0.025387419,0.022924733,0.137475099,0.028113844,0.089658145,0.048827505,0.166925038,0.114379434,0.098276383,0.041063897,0.103566918,0.072759236,0.136238887,0.102155691,0.082819065,0.031175218,0.100577442,0.102083948,0.109327672,0.039970828,0.12719316,0.101716296,0.040532685,0.09414557,0.111896182,0.091656289,0.112251105,0.088539264,0.205953266,0.089927967,0.027757341,0.107605156,0.090217889,0.078099938,0.06673317,0.171774096,0.13074709,0.098007767,0.215531213,0.122745259,0.052696901,0.07736109,0.060363652,0.115621587,0.034126043,0.096868924,0.158,0.041511772,0.036461398,0.073613271,0.044470473,0.095817351,0.191229551,0.116472319,0.186557513
0,0,0.005629282,0,0,0,0,0.004268198,0.003437615,0,0,0.001481925,0,0,0.001617964,0.001166407,0,0,0,0.001376195,0,0,0,0.001701975,0.001555648,0,0.009150411,0.001338908,0,0,0,0,0.004148264,0.002247308,0,0,0,0,0,0,0,0,0,0,0,0.002491154,0.002315851,0.001992863,0,0.008021984,0.002966772,0,0.002464443,0,0,0,0.001844741,0.007758678,0,0,0.00130431,0,0,0.005629282,0,0,0,0,0.004268198,0.003437615,0,0,0.001481925,0,0,0.001617964,0.001166407,0,0,0,0.001376195,0,0,0,0.001701975,0.001555648,0,0.009150411,0.001338908,0,0,0,0,0.004148264,0.002247308,0,0,0,0,0,0,0,0,0,0,0,0.002491154,0.002315851,0.001992863,0,0.008021984,0.002966772,0,0.002464443,0,0,0,0.001844741,0.007758678,0,0,0.00130431,0,0,0.005629282,0,0,0,0,0.004268198,0.003437615,0,0,0.001481925,0,0,0.001617964,0.001166407,0,0,0,0.001376195,0
0,0.001373819,0,0.002942619,0.002655576,0,0,0.001231957,0,0.003556726,0.013645768,0.002528789,0,0,0,0,0.003740507,0.014936157,0,0,0.003414293,0,0,0,0.002668741,0,0.005800821,0.007921151,0,0,0.002472463,0,0,0.005493419,0,0.002224718,0.002539567,0,0.002957249,0.001149981,0,0,0,0,0.001204321,0.001266808,0.003582533,0.001588905,0,0,0,0.001130502,0,0,0,0.002320396,0.006011094,0,0.001368326,0,0,0,0.001373819,0,0.002942619,0.002655576,0,0,0.001231957,0,0.003556726,0.013645768,0.002528789,0,0,0,0,0.003740507,0.014936157,0,0,0.003414293,0,0,0,0.002668741,0,0.005800821,0.007921151,0,0,0.002472463,0,0,0.005493419,0,0.002224718,0.002539567,0,0.002957249,0.001149981,0,0,0,0,0.001204321,0.001266808,0.003582533,0.001588905,0,0,0,0.001130502,0,0,0,0.002320396,0.006011094,0,0.001368326,0,0,0,0.001373819,0,0.002942619,0.002655576,0,0,0.001231957,0,0.003556726,0.013645768,0.002528789,0,0,0,0,0.003740507,0.014936157,0,0,0.003414293
0.001775052,0.002102784,0.001732087,0,0,0,0.006406816,0.002328108,0,0.001526311,0.001882976,0,0,0,0,0.002786418,0.003306004,0.002706111,0,0.001817418,0,0,0.00166502,0,0,0,0.001424538,0,0,0.001796805,0.002277999,0,0,0,0,0,0,0,0.002984505,0,0,0,0,0.001706269,0,0,0,0.002114051,0.001545732,0,0,0,0,0,0,0,0.001618854,0.012440639,0,0,0.001110426,0.001775052,0.002102784,0.001732087,0,0,0,0.006406816,0.002328108,0,0.001526311,0.001882976,0,0,0,0,0.002786418,0.003306004,0.002706111,0,0.001817418,0,0,0.00166502,0,0,0,0.001424538,0,0,0.001796805,0.002277999,0,0,0,0,0,0,0,0.002984505,0,0,0,0,0.001706269,0,0,0,0.002114051,0.001545732,0,0,0,0,0,0,0,0.001618854,0.012440639,0,0,0.001110426,0.001775052,0.002102784,0.001732087,0,0,0,0.006406816,0.002328108,0,0.001526311,0.001882976,0,0,0,0,0.002786418,0.003306004,0.002706111,0,0.001817418,0
0.007158889,0.004981262,0.02893604,0,0,0,0,0.002919835,0,0.001554317,0.001208824,0.008619635,0.005688889,0,0.007599529,0.034571021,0.023897684,0.006226683,0,0.003078054,0,0,0.003005503,0.011353966,0.008569474,0.001551798,0.001463039,0.03147729,0,0.016952463,0.015348714,0.002770552,0.005856372,0,0.002960158,0.001771135,0,0.010641232,0.002534785,0.001507538,0,0.004595588,0,0.004118582,0.001605762,0.001245577,0.017631178,0.025799502,0.004299623,0.002790255,0,0,0.009097463,0.001743785,0.013864538,0,0.009549984,0.020132433,0.006403766,0,0.008601392,0.007158889,0.004981262,0.02893604,0,0,0,0,0.002919835,0,0.001554317,0.001208824,0.008619635,0.005688889,0,0.007599529,0.034571021,0.023897684,0.006226683,0,0.003078054,0,0,0.003005503,0.011353966,0.008569474,0.001551798,0.001463039,0.03147729,0,0.016952463,0.015348714,0.002770552,0.005856372,0,0.002960158,0.001771135,0,0.010641232,0.002534785,0.001507538,0,0.004595588,0,0.004118582,0.001605762,0.001245577,0.017631178,0.025799502,0.004299623,0.002790255,0,0,0.009097463,0.001743785,0.013864538,0,0.009549984,0.020132433,0.006403766,0,0.008601392,0.007158889,0.004981262,0.02893604,0,0,0,0,0.002919835,0,0.001554317,0.001208824,0.008619635,0.005688889,0,0.007599529,0.034571021,0.023897684,0.006226683,0,0.003078054,0
0.017457127,0.005999944,0.031890777,0.001895471,0.015835823,0,0.017308466,0.02456154,0,0.004746968,0.03049957,0.018490068,0.016222222,0.007939252,0.018778192,0.045425091,0.020799486,0.022988808,0.003493404,0.022586406,0.005612892,0.011984032,0.030351348,0.018318628,0.020639157,0.010327483,0.013924538,0.023970769,0.002856738,0.023866255,0.067534344,0.005787376,0.017227496,0.005597461,0.009973865,0.030584474,0.049907034,0.015083547,0.011719974,0.006271743,0.01965739,0.046776523,0.01071906,0.018037706,0.019611547,0.015435244,0.041838863,0.067501515,0.009665269,0.020123659,0.002342189,0.004945948,0.018797929,0.00644795,0.047545446,0.001704041,0.027256984,0.023320625,0.017350374,0,0.008037367,0.017457127,0.005999944,0.031890777,0.001895471,0.015835823,0,0.017308466,0.02456154,0,0.004746968,0.03049957,0.018490068,0.016222222,0.007939252,0.018778192,0.045425091,0.020799486,0.022988808,0.003493404,0.022586406,0.005612892,0.011984032,0.030351348,0.018318628,0.020639157,0.010327483,0.013924538,0.023970769,0.002856738,0.023866255,0.067534344,0.005787376,0.017227496,0.005597461,0.009973865,0.030584474,0.049907034,0.015083547,0.011719974,0.006271743,0.01965739,0.046776523,0.01071906,0.018037706,0.019611547,0.015435244,0.041838863,0.067501515,0.009665269,0.020123659,0.002342189,0.004945948,0.018797929,0.00644795,0.047545446,0.001704041,0.027256984,0.023320625,0.017350374,0,0.008037367,0.017457127,0.005999944,0.031890777,0.001895471,0.015835823,0,0.017308466,0.02456154,0,0.004746968,0.03049957,0.018490068,0.016222222,0.007939252,0.018778192,0.045425091,0.020799486,0.022988808,0.003493404,0.022586406,0.005612892
0.001628354,0.002616798,0.002496243,0,0,0,0,0,0,0,0.012878629,0.002379237,0,0,0.003333987,0.007160446,0.002115842,0.00130051,0,0.001554785,0,0,0,0.002978457,0,0,0,0,0,0.006308347,0.00231967,0,0,0,0,0.002570305,0,0.003876138,0,0,0.002648868,0.001838235,0,0.001992049,0.00270382,0.002123142,0.00373607,0.007513634,0.003429038,0,0.001551049,0.002944017,0,0,0.005375104,0,0.003865171,0.001270818,0,0,0.002238477,0.001628354,0.002616798,0.002496243,0,0,0,0,0,0,0,0.012878629,0.002379237,0,0,0.003333987,0.007160446,0.002115842,0.00130051,0,0.001554785,0,0,0,0.002978457,0,0,0,0,0,0.006308347,0.00231967,0,0,0,0,0.002570305,0,0.003876138,0,0,0.002648868,0.001838235,0,0.001992049,0.00270382,0.002123142,0.00373607,0.007513634,0.003429038,0,0.001551049,0.002944017,0,0,0.005375104,0,0.003865171,0.001270818,0,0,0.002238477,0.001628354,0.002616798,0.002496243,0,0,0,0,0,0,0,0.012878629,0.002379237,0,0,0.003333987,0.007160446,0.002115842,0.00130051,0,0.001554785,0
0,0,0.00313304,0,0,0.00215714,0,0.002454214,0.003048451,0.001526311,0,0,0.001755556,0.001887554,0,0.002851218,0.00143575,0.002298881,0,0,0,0.003288942,0,0.001836342,0,0,0.002836242,0.002366843,0.002656058,0,0.006195047,0,0,0,0.001506747,0.001814333,0,0,0.001512694,0,0,0,0.001741125,0,0,0.001648974,0,0,0.00126146,0,0.00153023,0,0,0,0,0,0.002334162,0,0,0,0,0,0,0.00313304,0,0,0.00215714,0,0.002454214,0.003048451,0.001526311,0,0,0.001755556,0.001887554,0,0.002851218,0.00143575,0.002298881,0,0,0,0.003288942,0,0.001836342,0,0,0.002836242,0.002366843,0.002656058,0,0.006195047,0,0,0,0.001506747,0.001814333,0,0,0.001512694,0,0,0,0.001741125,0,0,0.001648974,0,0,0.00126146,0,0.00153023,0,0,0,0,0,0.002334162,0,0,0,0,0,0,0.00313304,0,0,0.00215714,0,0.002454214,0.003048451,0.001526311,0,0,0.001755556,0.001887554,0,0.002851218,0.00143575,0.002298881,0,0,0
0.016650285,0.001841104,0.013678392,0,0.001972156,0,0.00511539,0.011727844,0,0.004732966,0.027593742,0.011678653,0.003355556,0.006051699,0,0.024688958,0.017058979,0.004886764,0,0.004485765,0,0,0,0.003381556,0.008918154,0,0.010305441,0.058868752,0,0.019823444,0.033239343,0.002000954,0,0,0.005906982,0.008855674,0.007641377,0.00281637,0.009866583,0.001990723,0.003729328,0.024159664,0,0.008808721,0.001794675,0.003453645,0.030912138,0.005911264,0.004352924,0.008381335,0,0.002308109,0.00654126,0.006975141,0.02475316,0,0.017418367,0.023855706,0.008538354,0,0.006926941,0.016650285,0.001841104,0.013678392,0,0.001972156,0,0.00511539,0.011727844,0,0.004732966,0.027593742,0.011678653,0.003355556,0.006051699,0,0.024688958,0.017058979,0.004886764,0,0.004485765,0,0,0,0.003381556,0.008918154,0,0.010305441,0.058868752,0,0.019823444,0.033239343,0.002000954,0,0,0.005906982,0.008855674,0.007641377,0.00281637,0.009866583,0.001990723,0.003729328,0.024159664,0,0.008808721,0.001794675,0.003453645,0.030912138,0.005911264,0.004352924,0.008381335,0,0.002308109,0.00654126,0.006975141,0.02475316,0,0.017418367,0.023855706,0.008538354,0,0.006926941,0.016650285,0.001841104,0.013678392,0,0.001972156,0,0.00511539,0.011727844,0,0.004732966,0.027593742,0.011678653,0.003355556,0.006051699,0,0.024688958,0.017058979,0.004886764,0,0.004485765,0
0.001261608,0.00522425,0.002394355,0.00331376,0.002909418,0,0.001207567,0,0.002594426,0.001540314,0.006462561,0.005261512,0.001866667,0.001700239,0,0.002592017,0,0.003257842,0.005477573,0.002374199,0.004746385,0,0.002187103,0.004501276,0.001649523,0.001632063,0,0.001045212,0.002620644,0,0,0.003340054,0.00204973,0,0.004146888,0.004039051,0.004308195,0.003527721,0,0.003749517,0.001498702,0,0.002260987,0.005101998,0.002444064,0.006369427,0.002008777,0.002437218,0.00348234,0.001278867,0.003872418,0.003462163,0.003552468,0.001135488,0.0015687,0.006761779,0.00134277,0,0,0.002728826,0.005217238,0.001261608,0.00522425,0.002394355,0.00331376,0.002909418,0,0.001207567,0,0.002594426,0.001540314,0.006462561,0.005261512,0.001866667,0.001700239,0,0.002592017,0,0.003257842,0.005477573,0.002374199,0.004746385,0,0.002187103,0.004501276,0.001649523,0.001632063,0,0.001045212,0.002620644,0,0,0.003340054,0.00204973,0,0.004146888,0.004039051,0.004308195,0.003527721,0,0.003749517,0.001498702,0,0.002260987,0.005101998,0.002444064,0.006369427,0.002008777,0.002437218,0.00348234,0.001278867,0.003872418,0.003462163,0.003552468,0.001135488,0.0015687,0.006761779,0.00134277,0,0,0.002728826,0.005217238,0.001261608,0.00522425,0.002394355,0.00331376,0.002909418,0,0.001207567,0,0.002594426,0.001540314,0.006462561,0.005261512,0.001866667,0.001700239,0,0.002592017,0,0.003257842,0.005477573,0.002374199,0.004746385
0.015065941,0,0.007514201,0.018424506,0,0,0.003756876,0.016034844,0,0.015459154,0.007903852,0.03725205,0.022288889,0,0.013581094,0.025984966,0.00651755,0.001550102,0.00474934,0.007553314,0.005625824,0,0.007436151,0,0.002507812,0,0.020097536,0,0,0.006347408,0.03308655,0,0,0.004806742,0,0.011382781,0,0.002409883,0.003011761,0,0,0.001674107,0,0.004774192,0,0.01,0.017976637,0.001642766,0.00191884,0,0,0.0248475,0.019151865,0,0.018593707,0,0.022776899,0,0.002052489,0,0.029064951,0.015065941,0,0.007514201,0.018424506,0,0,0.003756876,0.016034844,0,0.015459154,0.007903852,0.03725205,0.022288889,0,0.013581094,0.025984966,0.00651755,0.001550102,0.00474934,0.007553314,0.005625824,0,0.007436151,0,0.002507812,0,0.020097536,0,0,0.006347408,0.03308655,0,0,0.004806742,0,0.011382781,0,0.002409883,0.003011761,0,0,0.001674107,0,0.004774192,0,0.01,0.017976637,0.001642766,0.00191884,0,0,0.0248475,0.019151865,0,0.018593707,0,0.022776899,0,0.002052489,0,0.029064951,0.015065941,0,0.007514201,0.018424506,0,0,0.003756876,0.016034844,0,0.015459154,0.007903852,0.03725205,0.022288889,0,0.013581094,0.025984966,0.00651755,0.001550102,0.00474934,0.007553314,0.005625824
0.006498746,0.045765927,0.004967014,0.009623159,0.019936344,0,0.01061653,0.007634254,0.049618403,0.003668748,0.007206453,0.014819246,0.024155556,0.054306792,0.002843695,0.01250648,0.005176257,0.035836267,0.034490765,0.006208635,0.020278834,0.017640689,0.015958798,0.013996506,0.014483619,0.015116652,0.003413758,0.001762175,0,0.004140463,0.009806509,0.013206298,0.023401088,0.034219425,0.0856179,0.027258197,0.014375765,0.040430876,0.006514125,0.034663703,0.038617709,0.00157563,0,0.021651971,0.005006199,0.054486907,0.035339125,0.001521578,0.011370905,0.015251282,0,0.036741327,0.004745363,0.058518188,0.017324905,0.006870547,0.010026855,0.017724567,0.015626283,0.005770112,0.025328281,0.006498746,0.045765927,0.004967014,0.009623159,0.019936344,0,0.01061653,0.007634254,0.049618403,0.003668748,0.007206453,0.014819246,0.024155556,0.054306792,0.002843695,0.01250648,0.005176257,0.035836267,0.034490765,0.006208635,0.020278834,0.017640689,0.015958798,0.013996506,0.014483619,0.015116652,0.003413758,0.001762175,0,0.004140463,0.009806509,0.013206298,0.023401088,0.034219425,0.0856179,0.027258197,0.014375765,0.040430876,0.006514125,0.034663703,0.038617709,0.00157563,0,0.021651971,0.005006199,0.054486907,0.035339125,0.001521578,0.011370905,0.015251282,0,0.036741327,0.004745363,0.058518188,0.017324905,0.006870547,0.010026855,0.017724567,0.015626283,0.005770112,0.025328281,0.006498746,0.045765927,0.004967014,0.009623159,0.019936344,0,0.01061653,0.007634254,0.049618403,0.003668748,0.007206453,0.014819246,0.024155556,0.054306792,0.002843695,0.01250648,0.005176257,0.035836267,0.034490765,0.006208635,0.020278834
0.082752652,0.030485696,0.029725668,0.031732566,0.010348935,0,0.127951831,0.089855269,0.181155817,0.039810121,0.044935723,0.005451851,0.071644444,0.070314977,0.084869582,0.016815708,0.013261798,0.070306342,0.076432718,0.125034142,0.099609426,0.045261338,0.146677014,0.043624311,0.014242225,0.111970248,0.069828029,0,0,0.044841998,0.012820691,0,0.028256997,0.020662748,0,0.038532982,0.089701147,0.030544547,0.079614059,0.038567839,0.105118241,0.032267595,0,0.040177183,0.040427416,0.041493277,0.092889952,0,0.033437567,0.175902341,0,0.018323559,0.05957921,0,0.030566577,0.024599822,0.041525488,0.001404588,0.081880627,0,0,0.082752652,0.030485696,0.029725668,0.031732566,0.010348935,0,0.127951831,0.089855269,0.181155817,0.039810121,0.044935723,0.005451851,0.071644444,0.070314977,0.084869582,0.016815708,0.013261798,0.070306342,0.076432718,0.125034142,0.099609426,0.045261338,0.146677014,0.043624311,0.014242225,0.111970248,0.069828029,0,0,0.044841998,0.012820691,0,0.028256997,0.020662748,0,0.038532982,0.089701147,0.030544547,0.079614059,0.038567839,0.105118241,0.032267595,0,0.040177183,0.040427416,0.041493277,0.092889952,0,0.033437567,0.175902341,0,0.018323559,0.05957921,0,0.030566577,0.024599822,0.041525488,0.001404588,0.081880627,0,0,0.082752652,0.030485696,0.029725668,0.031732566,0.010348935,0,0.127951831,0.089855269,0.181155817,0.039810121,0.044935723,0.005451851,0.071644444,0.070314977,0.084869582,0.016815708,0.013261798,0.070306342,0.076432718,0.125034142,0.099609426
0.040342101,0.069690937,0.041773861,0.071020506,0.034932537,0,0.045417953,0.056214108,0,0.093819139,0.046865193,0.024363384,0.055222222,0.042174577,0.040187618,0.034992224,0.028563872,0.0328937,0.028559367,0.063021326,0.038747058,0.038505673,0.027289403,0.078671564,0.042042727,0.042540668,0.015669918,0.032868027,0.0343871,0.041736651,0.038976012,0.023580477,0.060345038,0.009062061,0.031255,0.024342304,0.117704412,0.030762307,0.059035964,0.04425976,0.049213182,0.044314601,0.021380357,0.038580182,0.024051007,0.03940552,0.068733447,0.047842187,0.081870514,0,0.020163641,0.014955604,0.073933277,0.046108926,0.031004891,0.031542882,0.098248124,0.049628787,0.081141731,0.014310711,0.046990394,0.040342101,0.069690937,0.041773861,0.071020506,0.034932537,0,0.045417953,0.056214108,0,0.093819139,0.046865193,0.024363384,0.055222222,0.042174577,0.040187618,0.034992224,0.028563872,0.0328937,0.028559367,0.063021326,0.038747058,0.038505673,0.027289403,0.078671564,0.042042727,0.042540668,0.015669918,0.032868027,0.0343871,0.041736651,0.038976012,0.023580477,0.060345038,0.009062061,0.031255,0.024342304,0.117704412,0.030762307,0.059035964,0.04425976,0.049213182,0.044314601,0.021380357,0.038580182,0.024051007,0.03940552,0.068733447,0.047842187,0.081870514,0,0.020163641,0.014955604,0.073933277,0.046108926,0.031004891,0.031542882,0.098248124,0.049628787,0.081141731,0.014310711,0.046990394,0.040342101,0.069690937,0.041773861,0.071020506,0.034932537,0,0.045417953,0.056214108,0,0.093819139,0.046865193,0.024363384,0.055222222,0.042174577,0.040187618,0.034992224,0.028563872,0.0328937,0.028559367,0.063021326,0.038747058
0.014625845,0.005130793,0.021192593,0.00507668,0.011911038,0,0.008385885,0.022776657,0,0.008359705,0.011879025,0.002950254,0.011155556,0.010230253,0.028404262,0.011372473,0.028639438,0.01132363,0,0.011177645,0.004940379,0,0.017327501,0.005777758,0.017581504,0.011290668,0.009355749,0.078624121,0.005194069,0.011796414,0.088494715,0.009897028,0.006661624,0.001529418,0.018774335,0.01222515,0.007550678,0.004819767,0.008844492,0.015606881,0.009549867,0.016970851,0,0.014448656,0.012869709,0.007607926,0.015097816,0.012253417,0.005969725,0.00410083,0.008057129,0.006924327,0.020331651,0.007340119,0.017578666,0,0.01231082,0.01059015,0.004898607,0,0.004565083,0.014625845,0.005130793,0.021192593,0.00507668,0.011911038,0,0.008385885,0.022776657,0,0.008359705,0.011879025,0.002950254,0.011155556,0.010230253,0.028404262,0.011372473,0.028639438,0.01132363,0,0.011177645,0.004940379,0,0.017327501,0.005777758,0.017581504,0.011290668,0.009355749,0.078624121,0.005194069,0.011796414,0.088494715,0.009897028,0.006661624,0.001529418,0.018774335,0.01222515,0.007550678,0.004819767,0.008844492,0.015606881,0.009549867,0.016970851,0,0.014448656,0.012869709,0.007607926,0.015097816,0.012253417,0.005969725,0.00410083,0.008057129,0.006924327,0.020331651,0.007340119,0.017578666,0,0.01231082,0.01059015,0.004898607,0,0.004565083,0.014625845,0.005130793,0.021192593,0.00507668,0.011911038,0,0.008385885,0.022776657,0,0.008359705,0.011879025,0.002950254,0.011155556,0.010230253,0.028404262,0.011372473,0.028639438,0.01132363,0,0.011177645,0.004940379
0.004224918,0,0,0.00149782,0.001874524,0.003176158,0.004125855,0,0.006550926,0,0.002115443,0,0,0.004682862,0.00292541,0.004179627,0,0.037438915,0.001646438,0.001607312,0.003065104,0,0.003442924,0,0.001729988,0.002220676,0,0.001451203,0,0.001660091,0.001486256,0,0,0,0.032881754,0,0.011292005,0.001858223,0,0,0.003084537,0.003479517,0,0.001445706,0,0,0.002891616,0.109917188,0,0.001669925,0.031177132,0,0.002372681,0.001946551,0.003967888,0,0,0.012128509,0,0,0.025663171,0.004224918,0,0,0.00149782,0.001874524,0.003176158,0.004125855,0,0.006550926,0,0.002115443,0,0,0.004682862,0.00292541,0.004179627,0,0.037438915,0.001646438,0.001607312,0.003065104,0,0.003442924,0,0.001729988,0.002220676,0,0.001451203,0,0.001660091,0.001486256,0,0,0,0.032881754,0,0.011292005,0.001858223,0,0,0.003084537,0.003479517,0,0.001445706,0,0,0.002891616,0.109917188,0,0.001669925,0.031177132,0,0.002372681,0.001946551,0.003967888,0,0,0.012128509,0,0,0.025663171,0.004224918,0,0,0.00149782,0.001874524,0.003176158,0.004125855,0,0.006550926,0,0.002115443,0,0,0.004682862,0.00292541,0.004179627,0,0.037438915,0.001646438,0.001607312,0.003065104
0.011765224,0.014485846,0.002216052,0.021698501,0.01979966,0,0.003304039,0.001891588,0.060298791,0.015879239,0.009414882,0.041820184,0.049111111,0.031555287,0.018957966,0.00622084,0.026466921,0.023487993,0.026153034,0.025422839,0.065725149,0.024768077,0.010046564,0.029672594,0.008730404,0.008080051,0.004915298,0.025940259,0.02364482,0.004999805,0,0.012729148,0.009467802,0.038016959,0.016334204,0.00680375,0,0.014154436,0.007686123,0.003991109,0.018995173,0.010077468,0,0.003051112,0.012243934,0.009023355,0.009519301,0.009210261,0.007959633,0,0.013678381,0.025012365,0.033217539,0.009692202,0.001499492,0.012979715,0.012800241,0,0.011439205,0.006749156,0.014717546,0.011765224,0.014485846,0.002216052,0.021698501,0.01979966,0,0.003304039,0.001891588,0.060298791,0.015879239,0.009414882,0.041820184,0.049111111,0.031555287,0.018957966,0.00622084,0.026466921,0.023487993,0.026153034,0.025422839,0.065725149,0.024768077,0.010046564,0.029672594,0.008730404,0.008080051,0.004915298,0.025940259,0.02364482,0.004999805,0,0.012729148,0.009467802,0.038016959,0.016334204,0.00680375,0,0.014154436,0.007686123,0.003991109,0.018995173,0.010077468,0,0.003051112,0.012243934,0.009023355,0.009519301,0.009210261,0.007959633,0,0.013678381,0.025012365,0.033217539,0.009692202,0.001499492,0.012979715,0.012800241,0,0.011439205,0.006749156,0.014717546,0.011765224,0.014485846,0.002216052,0.021698501,0.01979966,0,0.003304039,0.001891588,0.060298791,0.015879239,0.009414882,0.041820184,0.049111111,0.031555287,0.018957966,0.00622084,0.026466921,0.023487993,0.026153034,0.025422839,0.065725149
0.002200478,0.001934561,0,0,0,0,0.004125855,0,0.008583227,0.008345703,0.001371551,0,0,0,0.001470877,0,0.005969698,0.003848983,0,0,0,0.002117206,0.00206011,0,0,0.004093536,0,0.005182869,0,0.001328073,0,0,0,0,0,0,0.004330869,0.00413745,0,0.005682257,0.007824617,0.001871061,0,0.014045204,0,0,0.008751615,0.001790884,0,0,0,0,0,0.001743785,0,0.001341479,0,0,0,0.002228888,0,0.002200478,0.001934561,0,0,0,0,0.004125855,0,0.008583227,0.008345703,0.001371551,0,0,0,0.001470877,0,0.005969698,0.003848983,0,0,0,0.002117206,0.00206011,0,0,0.004093536,0,0.005182869,0,0.001328073,0,0,0,0,0,0,0.004330869,0.00413745,0,0.005682257,0.007824617,0.001871061,0,0.014045204,0,0,0.008751615,0.001790884,0,0,0,0,0,0.001743785,0,0.001341479,0,0,0,0.002228888,0,0.002200478,0.001934561,0,0,0,0,0.004125855,0,0.008583227,0.008345703,0.001371551,0,0,0,0.001470877,0,0.005969698,0.003848983,0,0,0
0.002977981,0,0,0,0.005018257,0,0.003706561,0.001862486,0,0,0,0,0,0.001772283,0.001389161,0.012279679,0,0,0,0,0,0,0.001185269,0,0.001475183,0,0.004684292,0.003014702,0,0.001816335,0.003000292,0,0,0,0,0.004211845,0,0,0,0.001497874,0.002282906,0.00180541,0,0.001823943,0,0.002738854,0,0.003285532,0,0.008391904,0,0,0.001546831,0,0,0,0.001568657,0.002742291,0,0,0.001551071,0.002977981,0,0,0,0.005018257,0,0.003706561,0.001862486,0,0,0,0,0,0.001772283,0.001389161,0.012279679,0,0,0,0,0,0,0.001185269,0,0.001475183,0,0.004684292,0.003014702,0,0.001816335,0.003000292,0,0,0,0,0.004211845,0,0,0,0.001497874,0.002282906,0.00180541,0,0.001823943,0,0.002738854,0,0.003285532,0,0.008391904,0,0,0.001546831,0,0,0,0.001568657,0.002742291,0,0,0.001551071,0.002977981,0,0,0,0.005018257,0,0.003706561,0.001862486,0,0,0,0,0,0.001772283,0.001389161,0.012279679,0,0,0,0,0
0.01210263,0,0.010672712,0,0,0,0,0,0,0,0.007903852,0.010794937,0.006444444,0,0,0,0.001549099,0.001799695,0.007039578,0,0,0,0.01728517,0,0.034304719,0.001070205,0,0,0.006468977,0.004452951,0.010931618,0.005063954,0,0.006741924,0.008893808,0,0,0,0,0,0,0,0.031670325,0,0,0.010276008,0,0,0,0,0,0.006311972,0,0.007299566,0,0,0,0,0.001204127,0,0.022913545,0.01210263,0,0.010672712,0,0,0,0,0,0,0,0.007903852,0.010794937,0.006444444,0,0,0,0.001549099,0.001799695,0.007039578,0,0,0,0.01728517,0,0.034304719,0.001070205,0,0,0.006468977,0.004452951,0.010931618,0.005063954,0,0.006741924,0.008893808,0,0,0,0,0,0,0,0.031670325,0,0,0.010276008,0,0,0,0,0,0.006311972,0,0.007299566,0,0,0,0,0.001204127,0,0.022913545,0.01210263,0,0.010672712,0,0,0,0,0,0,0,0.007903852,0.010794937,0.006444444,0,0,0,0.001549099,0.001799695,0.007039578,0,0
0,0.009214867,0,0.01333457,0,0.020089197,0.008956125,0.032050287,0.013491017,0.004648948,0,0,0,0.012405983,0.045384716,0.014677294,0.015906601,0.015330251,0,0.009360227,0.012118155,0.008072858,0.009397488,0.012003404,0,0.033310146,0.035985626,0.074736969,0,0.032127651,0,0.006110607,0.023889119,0.015876814,0,0.019439285,0.021132828,0.025869953,0.00397934,0.032363742,0.016520572,0.023535977,0,0.025703311,0.030922723,0.003545648,0.029466331,0,0.011850615,0.002969931,0.037256412,0,0.023608835,0.001824892,0.035364953,0.009607889,0.009211154,0.067197289,0.012451767,0.010894472,0.00340178,0,0.009214867,0,0.01333457,0,0.020089197,0.008956125,0.032050287,0.013491017,0.004648948,0,0,0,0.012405983,0.045384716,0.014677294,0.015906601,0.015330251,0,0.009360227,0.012118155,0.008072858,0.009397488,0.012003404,0,0.033310146,0.035985626,0.074736969,0,0.032127651,0,0.006110607,0.023889119,0.015876814,0,0.019439285,0.021132828,0.025869953,0.00397934,0.032363742,0.016520572,0.023535977,0,0.025703311,0.030922723,0.003545648,0.029466331,0,0.011850615,0.002969931,0.037256412,0,0.023608835,0.001824892,0.035364953,0.009607889,0.009211154,0.067197289,0.012451767,0.010894472,0.00340178,0,0.009214867,0,0.01333457,0,0.020089197,0.008956125,0.032050287,0.013491017,0.004648948,0,0,0,0.012405983,0.045384716,0.014677294,0.015906601,0.015330251,0,0.009360227,0.012118155
0.008215119,0.00363548,0.003922667,0.002081041,0,0.027698741,0,0.007411144,0.002378224,0,0.001278564,0.004173861,0.006977778,0.006873001,0.003677192,0.013867289,0.022594174,0,0,0.003634836,0.002483123,0.015386107,0.017581487,0,0.00282967,0.001311002,0.003041581,0.011074063,0,0.010585524,0.002111316,0.001400668,0.012054367,0.002320137,0.009080484,0.010130027,0,0,0.00269832,0.006812911,0.008608821,0.009814863,0,0.006034983,0.009622764,0,0.002725284,0.002989295,0.004015351,0.001331713,0.012273068,0.002355213,0,0,0,0.003299313,0,0.018259648,0.014367423,0,0.005693135,0.008215119,0.00363548,0.003922667,0.002081041,0,0.027698741,0,0.007411144,0.002378224,0,0.001278564,0.004173861,0.006977778,0.006873001,0.003677192,0.013867289,0.022594174,0,0,0.003634836,0.002483123,0.015386107,0.017581487,0,0.00282967,0.001311002,0.003041581,0.011074063,0,0.010585524,0.002111316,0.001400668,0.012054367,0.002320137,0.009080484,0.010130027,0,0,0.00269832,0.006812911,0.008608821,0.009814863,0,0.006034983,0.009622764,0,0.002725284,0.002989295,0.004015351,0.001331713,0.012273068,0.002355213,0,0,0,0.003299313,0,0.018259648,0.014367423,0,0.005693135,0.008215119,0.00363548,0.003922667,0.002081041,0,0.027698741,0,0.007411144,0.002378224,0,0.001278564,0.004173861,0.006977778,0.006873001,0.003677192,0.013867289,0.022594174,0,0,0.003634836,0.002483123
0.001422976,0,0.005119845,0.002147317,0.00210884,0.004261345,0,0.001755781,0,0,0.009414882,0.001767433,0,0.001296793,0.004053082,0.004568429,0.003494918,0.001615785,0.001519789,0,0,0.006650613,0.002695075,0,0,0.001096961,0.003477926,0.002505053,0.015629427,0,0.001791841,0.001308316,0.002757375,0,0.001533415,0.002591905,0,0.003440617,0,0,0.004513532,0.003184086,0,0.002126533,0.004982585,0.003135173,0.002712489,0.00366256,0.001510198,0.006309782,0.002383827,0,0.003683555,0,0.004129372,0,0.004178902,0.002987537,0,0.005103529,0.002291355,0.001422976,0,0.005119845,0.002147317,0.00210884,0.004261345,0,0.001755781,0,0,0.009414882,0.001767433,0,0.001296793,0.004053082,0.004568429,0.003494918,0.001615785,0.001519789,0,0,0.006650613,0.002695075,0,0,0.001096961,0.003477926,0.002505053,0.015629427,0,0.001791841,0.001308316,0.002757375,0,0.001533415,0.002591905,0,0.003440617,0,0,0.004513532,0.003184086,0,0.002126533,0.004982585,0.003135173,0.002712489,0.00366256,0.001510198,0.006309782,0.002383827,0,0.003683555,0,0.004129372,0,0.004178902,0.002987537,0,0.005103529,0.002291355,0.001422976,0,0.005119845,0.002147317,0.00210884,0.004261345,0,0.001755781,0,0,0.009414882,0.001767433,0,0.001296793,0.004053082,0.004568429,0.003494918,0.001615785,0.001519789,0,0
0,0,0.029037928,0.005169466,0.001835471,0,0.051724138,0,0,0.001316269,0.033916824,0,0.001311111,0,0,0.034279419,0.017285677,0,0,0.010421263,0,0,0.009326937,0.00132127,0.014215404,0,0,0,0.010222873,0.002070232,0.065242454,0,0.04040897,0,0,0.01006523,0.034692304,0,0.003025389,0.002386935,0.002544308,0.017824317,0.033543479,0.012053155,0.003695614,0.001082803,0.004657292,0,0,0.096274375,0,0.005110813,0,0.005880206,0.209629049,0.001033301,0.00337575,0.06967204,0.036205906,0,0.04558033,0,0,0.029037928,0.005169466,0.001835471,0,0.051724138,0,0,0.001316269,0.033916824,0,0.001311111,0,0,0.034279419,0.017285677,0,0,0.010421263,0,0,0.009326937,0.00132127,0.014215404,0,0,0,0.010222873,0.002070232,0.065242454,0,0.04040897,0,0,0.01006523,0.034692304,0,0.003025389,0.002386935,0.002544308,0.017824317,0.033543479,0.012053155,0.003695614,0.001082803,0.004657292,0,0,0.096274375,0,0.005110813,0,0.005880206,0.209629049,0.001033301,0.00337575,0.06967204,0.036205906,0,0.04558033,0,0,0.029037928,0.005169466,0.001835471,0,0.051724138,0,0,0.001316269,0.033916824,0,0.001311111,0,0,0.034279419,0.017285677,0,0,0.010421263,0
